compra_id,produto_id,fornecedor_id,origem_fornecedor,data_pedido_compra,data_evento_cambio,data_prevista,data_recebimento,quantidade_pedida,quantidade_recebida,moeda,valor_unitario_moeda,taxa_cambio_interna,frete_compra_brl,impostos_compra_brl,lote
CMP00001,PRD0001,FOR002,IMPORTADO,2025-01-19,2025-01-19,2025-04-06,2025-04-11,2206,2206,USD,7.69,6.2225,7701.13,13008.23,L0001-01
CMP00002,PRD0001,FOR002,IMPORTADO,2025-05-28,2025-05-28,2025-07-29,2025-08-20,2142,2142,USD,8.96,5.839,5201.92,14856.64,L0001-02
CMP00003,PRD0001,FOR002,IMPORTADO,2025-10-15,2025-10-15,2025-12-07,2025-12-28,2318,2318,USD,8.54,5.5979,8697.24,11358.19,L0001-03
CMP00004,PRD0001,FOR002,IMPORTADO,2026-02-26,2026-02-26,2026-05-22,2026-05-24,2220,2220,USD,9.38,5.2708,7246.07,11703.93,L0001-04
CMP00005,PRD0002,FOR003,IMPORTADO,2025-01-14,2025-01-14,2025-03-25,2025-03-27,1455,1455,USD,9.99,6.1754,5099.13,11204.49,L0002-01
CMP00006,PRD0002,FOR003,IMPORTADO,2025-05-23,2025-05-23,2025-07-19,2025-08-09,1464,1464,USD,10.56,5.8104,7232.08,9209.05,L0002-02
CMP00007,PRD0002,FOR003,IMPORTADO,2025-10-14,2025-10-14,2025-11-28,2025-12-14,1239,1239,USD,11.07,5.6196,5780.36,11555.12,L0002-03
CMP00008,PRD0002,FOR003,IMPORTADO,2026-02-20,2026-02-20,2026-05-05,2026-05-08,1386,1386,USD,11.95,5.2834,2087.26,7956.17,L0002-04
CMP00009,PRD0003,FOR004,IMPORTADO,2025-01-16,2025-01-16,2025-04-08,2025-04-12,1056,1056,USD,13.43,6.2368,3082.01,12053.14,L0003-01
CMP00010,PRD0003,FOR004,IMPORTADO,2025-06-05,2025-06-05,2025-07-21,2025-08-13,1045,1045,USD,14.08,5.7409,2056.44,10907.61,L0003-02
CMP00011,PRD0003,FOR004,IMPORTADO,2025-10-01,2025-10-01,2025-12-07,2025-12-30,1093,1093,USD,16.04,5.4629,5464.14,11969.92,L0003-03
CMP00012,PRD0003,FOR004,IMPORTADO,2026-02-25,2026-02-25,2026-04-16,2026-04-18,1155,1155,USD,16.27,5.2504,6529.57,14430.37,L0003-04
CMP00013,PRD0004,FOR005,IMPORTADO,2025-01-20,2025-01-20,2025-04-13,2025-04-13,816,816,USD,11.82,6.2381,3737.79,8583.06,L0004-01
CMP00014,PRD0004,FOR005,IMPORTADO,2025-06-05,2025-06-05,2025-08-26,2025-09-08,897,897,USD,13.13,5.7342,3174.19,9870.15,L0004-02
CMP00015,PRD0004,FOR005,IMPORTADO,2025-10-14,2025-10-14,2025-12-15,2026-01-04,971,971,USD,13.55,5.6877,5000.84,6927.44,L0004-03
CMP00016,PRD0004,FOR005,IMPORTADO,2026-02-19,2026-02-19,2026-04-14,2026-04-13,800,800,USD,13.9,5.3297,2815.85,8414.91,L0004-04
CMP00017,PRD0005,FOR006,IMPORTADO,2025-01-16,2025-01-16,2025-03-06,2025-03-11,769,769,USD,14.04,6.1756,4009.01,9694.0,L0005-01
CMP00018,PRD0005,FOR006,IMPORTADO,2025-05-31,2025-05-31,2025-07-25,2025-08-08,706,706,USD,14.48,5.8256,3957.54,9310.82,L0005-02
CMP00019,PRD0005,FOR006,IMPORTADO,2025-10-16,2025-10-16,2026-01-03,2026-01-18,735,735,USD,15.2,5.5282,4127.26,9193.87,L0005-03
CMP00020,PRD0005,FOR006,IMPORTADO,2026-02-13,2026-02-13,2026-05-08,2026-05-12,671,671,USD,15.89,5.3321,3227.75,8894.1,L0005-04
CMP00021,PRD0006,FOR007,IMPORTADO,2025-01-05,2025-01-05,2025-03-02,2025-03-01,568,568,USD,10.69,6.3684,3126.85,4685.23,L0006-01
CMP00022,PRD0006,FOR007,IMPORTADO,2025-06-02,2025-06-02,2025-07-28,2025-08-08,610,610,USD,11.72,5.8245,2897.85,6232.8,L0006-02
CMP00023,PRD0006,FOR007,IMPORTADO,2025-10-09,2025-10-09,2025-12-21,2026-01-12,544,544,USD,12.63,,853.04,5922.96,L0006-03
CMP00024,PRD0006,FOR007,IMPORTADO,2026-02-21,2026-02-21,2026-04-12,2026-04-16,610,610,USD,13.37,5.3121,1015.32,3689.6,L0006-04
CMP00025,PRD0007,FOR008,IMPORTADO,2025-01-10,2025-01-10,2025-04-04,2025-04-05,559,559,USD,8.13,6.2902,1719.52,3161.84,L0007-01
CMP00026,PRD0007,FOR008,IMPORTADO,2025-05-25,2025-05-25,2025-07-20,2025-07-27,512,512,USD,8.85,5.8521,1257.03,2263.99,L0007-02
CMP00027,PRD0007,FOR008,IMPORTADO,2025-10-10,2025-10-10,2025-12-24,2026-01-07,460,460,USD,9.29,5.6313,1715.65,3267.79,L0007-03
CMP00028,PRD0007,FOR008,IMPORTADO,2026-02-24,2026-02-24,2026-04-10,2026-04-15,519,519,USD,10.21,5.3007,560.04,3026.87,L0007-04
CMP00029,PRD0008,FOR009,IMPORTADO,2025-01-15,2025-01-15,2025-04-06,2025-04-04,445,445,USD,15.46,6.1328,1807.27,4813.05,L0008-01
CMP00030,PRD0008,FOR009,IMPORTADO,2025-06-02,2025-06-02,2025-08-03,2025-08-21,474,474,USD,16.58,5.8064,1911.97,5603.08,L0008-02
CMP00031,PRD0008,FOR009,IMPORTADO,2025-10-16,2025-10-16,2025-12-27,2026-01-08,433,433,USD,17.44,5.5612,1086.05,5242.93,L0008-03
CMP00032,PRD0008,FOR009,IMPORTADO,2026-02-17,2026-02-17,2026-04-16,2026-04-20,482,482,USD,17.02,5.33,3270.01,5840.25,L0008-04
CMP00033,PRD0009,FOR010,IMPORTADO,2025-01-03,2025-01-03,2025-03-15,2025-03-15,454,454,USD,13.18,6.3396,1847.08,6013.88,L0009-01
CMP00034,PRD0009,FOR010,IMPORTADO,2025-05-28,2025-05-28,2025-08-07,2025-08-20,415,415,USD,15.37,5.8034,841.6,2984.52,L0009-02
CMP00035,PRD0009,FOR010,IMPORTADO,2025-10-12,2025-10-12,2025-12-01,2025-12-15,449,449,USD,14.98,5.5391,2593.62,3195.47,L0009-03
CMP00036,PRD0009,FOR010,IMPORTADO,2026-02-21,2026-02-21,2026-05-13,2026-05-16,459,459,USD,15.26,5.2935,2357.12,5865.53,L0009-04
CMP00037,PRD0010,FOR011,IMPORTADO,2025-01-16,2025-01-16,2025-03-17,2025-03-22,407,407,USD,10.63,6.1528,1808.66,3144.45,L0010-01
CMP00038,PRD0010,FOR011,IMPORTADO,2025-05-28,2025-05-28,2025-08-14,2025-09-04,375,375,USD,11.54,5.7915,982.5,2766.97,L0010-02
CMP00039,PRD0010,FOR011,IMPORTADO,2025-10-18,2025-10-18,2026-01-09,2026-02-01,369,369,USD,12.78,5.6017,962.7,3380.31,L0010-03
CMP00040,PRD0010,FOR011,IMPORTADO,2026-02-16,2026-02-16,2026-05-04,2026-05-03,382,382,USD,12.12,5.3394,1940.22,2995.22,L0010-04
CMP00041,PRD0011,FOR012,IMPORTADO,2025-01-02,2025-01-02,2025-03-11,2025-03-10,348,348,USD,9.17,6.4123,635.1,1657.74,L0011-01
CMP00042,PRD0011,FOR012,IMPORTADO,2025-05-29,2025-05-29,2025-08-20,2025-09-12,319,319,USD,10.13,5.8182,1205.71,2519.95,L0011-02
CMP00043,PRD0011,FOR012,IMPORTADO,2025-10-06,2025-10-06,2025-11-30,2025-12-19,371,371,USD,10.16,5.4142,708.0,2743.69,L0011-03
CMP00044,PRD0011,FOR012,IMPORTADO,2026-02-23,2026-02-23,2026-05-17,2026-05-18,339,339,USD,10.09,5.2737,1172.89,2628.83,L0011-04
CMP00045,PRD0012,FOR013,IMPORTADO,2025-01-14,2025-01-14,2025-04-08,2025-04-07,302,302,USD,14.95,6.1892,895.0,3758.67,L0012-01
CMP00046,PRD0012,FOR013,IMPORTADO,2025-06-03,2025-06-03,2025-07-23,2025-07-30,325,325,USD,15.5,5.7927,1390.13,3676.58,L0012-02
CMP00047,PRD0012,FOR013,IMPORTADO,2025-10-04,2025-10-04,2025-11-28,2025-12-09,346,346,USD,17.45,5.5105,1498.25,4784.12,L0012-03
CMP00048,PRD0012,FOR013,IMPORTADO,2026-02-14,2026-02-14,2026-05-04,2026-05-05,340,340,USD,18.15,5.3761,1221.74,3050.07,L0012-04
CMP00049,PRD0013,FOR014,IMPORTADO,2025-01-13,2025-01-13,2025-02-28,2025-03-02,327,327,USD,15.77,6.2649,1436.54,4632.52,L0013-01
CMP00050,PRD0013,FOR014,IMPORTADO,2025-06-03,2025-06-03,2025-08-11,2025-08-16,278,278,USD,16.8,5.7834,1712.01,2778.47,L0013-02
CMP00051,PRD0013,FOR014,IMPORTADO,2025-10-18,2025-10-18,2026-01-08,2026-01-08,286,286,USD,18.21,5.5429,748.59,2479.1,L0013-03
CMP00052,PRD0013,FOR014,IMPORTADO,2026-02-15,2026-02-15,2026-04-24,2026-04-25,275,275,USD,18.32,5.4045,1951.15,4026.36,L0013-04
CMP00053,PRD0014,FOR015,IMPORTADO,2025-01-17,2025-01-17,2025-04-02,2025-03-31,278,278,USD,11.15,6.2051,726.1,1659.53,L0014-01
CMP00054,PRD0014,FOR015,IMPORTADO,2025-05-29,2025-05-29,2025-07-23,2025-07-27,258,258,USD,12.61,5.8029,362.33,1405.59,L0014-02
CMP00055,PRD0014,FOR015,IMPORTADO,2025-10-15,2025-10-15,2025-12-26,2025-12-24,276,276,USD,11.86,5.6242,667.27,2173.69,L0014-03
CMP00056,PRD0014,FOR015,IMPORTADO,2026-02-25,2026-02-25,2026-04-20,2026-04-22,236,236,USD,12.82,5.2419,648.96,1375.11,L0014-04
CMP00057,PRD0015,FOR016,IMPORTADO,2025-01-13,2025-01-13,2025-03-09,2025-03-09,216,216,USD,17.53,6.2029,460.5,2757.16,L0015-01
CMP00058,PRD0015,FOR016,IMPORTADO,2025-05-30,2025-05-30,2025-07-16,2025-07-17,209,209,USD,17.89,5.8089,1501.35,2685.52,L0015-02
CMP00059,PRD0015,FOR016,IMPORTADO,2025-10-18,2025-10-18,2025-12-23,2025-12-22,244,244,USD,17.68,5.554,805.6,2245.28,L0015-03
CMP00060,PRD0015,FOR016,IMPORTADO,2026-02-17,2026-02-17,2026-04-18,2026-04-22,208,208,USD,20.44,5.3516,511.49,2646.5,L0015-04
CMP00061,PRD0016,FOR017,IMPORTADO,2025-01-06,2025-01-06,2025-03-24,2025-03-29,248,248,USD,12.57,6.2542,1167.12,2552.5,L0016-01
CMP00062,PRD0016,FOR017,IMPORTADO,2025-05-23,2025-05-23,2025-07-08,2025-07-11,224,224,USD,12.08,5.8268,712.83,2336.01,L0016-02
CMP00063,PRD0016,FOR017,IMPORTADO,2025-10-04,2025-10-04,2025-12-19,2025-12-20,238,238,USD,13.16,5.4515,565.97,2541.64,L0016-03
CMP00064,PRD0016,FOR017,IMPORTADO,2026-02-26,2026-02-26,2026-05-20,2026-05-23,254,254,USD,13.42,5.3029,1088.87,1773.88,L0016-04
CMP00065,PRD0017,FOR018,IMPORTADO,2025-01-08,2025-01-08,2025-04-01,2025-04-02,193,193,USD,16.61,6.284,1317.8,3190.66,L0017-01
CMP00066,PRD0017,FOR018,IMPORTADO,2025-05-31,2025-05-31,2025-08-07,2025-08-08,212,212,USD,17.46,5.9049,1215.81,3068.62,L0017-02
CMP00067,PRD0017,FOR018,IMPORTADO,2025-10-04,2025-10-04,2025-12-12,2025-12-16,197,197,USD,18.41,5.529,616.48,1819.32,L0017-03
CMP00068,PRD0017,FOR018,IMPORTADO,2026-02-26,2026-02-26,2026-05-13,2026-05-17,202,202,USD,19.25,5.2193,1565.37,1786.02,L0017-04
CMP00069,PRD0018,FOR019,IMPORTADO,2025-01-07,2025-01-07,2025-03-12,2025-03-10,220,220,USD,8.39,6.1653,414.2,892.81,L0018-01
CMP00070,PRD0018,FOR019,IMPORTADO,2025-05-23,2025-05-23,2025-08-01,2025-08-04,235,235,USD,8.31,5.7821,236.53,1733.92,L0018-02
CMP00071,PRD0018,FOR019,IMPORTADO,2025-10-08,2025-10-08,2025-11-26,2025-11-30,224,224,USD,9.21,5.427,502.76,1732.16,L0018-03
CMP00072,PRD0018,FOR019,IMPORTADO,2026-02-27,2026-02-27,2026-05-10,2026-05-15,215,215,USD,9.31,5.2937,724.41,1413.14,L0018-04
CMP00073,PRD0019,FOR020,IMPORTADO,2025-01-17,2025-01-17,2025-03-11,2025-03-16,193,193,USD,16.31,6.2162,1282.44,2711.94,L0019-01
CMP00074,PRD0019,FOR020,IMPORTADO,2025-05-16,2025-05-16,2025-08-06,2025-08-11,201,201,USD,16.57,5.8278,1011.92,2707.45,L0019-02
CMP00075,PRD0019,FOR020,IMPORTADO,2025-10-06,2025-10-06,2025-12-13,2025-12-12,200,200,USD,18.79,5.5023,647.68,3093.56,L0019-03
CMP00076,PRD0019,FOR020,IMPORTADO,2026-02-21,2026-02-21,2026-05-09,2026-05-10,189,189,USD,17.93,5.349,487.88,2491.36,L0019-04
CMP00077,PRD0020,FOR021,IMPORTADO,2025-01-09,2025-01-09,2025-03-17,2025-03-19,177,177,USD,9.95,6.2578,868.83,1080.14,L0020-01
CMP00078,PRD0020,FOR021,IMPORTADO,2025-06-03,2025-06-03,2025-08-05,2025-08-03,174,174,USD,11.13,5.8569,691.68,1664.46,L0020-02
CMP00079,PRD0020,FOR021,IMPORTADO,2025-10-08,2025-10-08,2025-12-31,2025-12-31,172,172,USD,11.57,5.4431,764.63,1093.34,L0020-03
CMP00080,PRD0020,FOR021,IMPORTADO,2026-02-18,2026-02-18,2026-05-01,2026-05-06,209,209,USD,12.1,5.3136,564.69,1388.78,L0020-04
CMP00081,PRD0021,FOR022,IMPORTADO,2025-01-18,2025-01-18,2025-03-07,2025-03-06,192,192,USD,9.45,6.2259,840.64,1712.81,L0021-01
CMP00082,PRD0021,FOR022,IMPORTADO,2025-06-04,2025-06-04,2025-08-19,2025-08-23,196,196,USD,10.18,5.8196,789.39,1683.57,L0021-02
CMP00083,PRD0021,FOR022,IMPORTADO,2025-10-03,2025-10-03,2025-11-25,2025-11-28,205,205,USD,10.93,5.493,248.89,1252.92,L0021-03
CMP00084,PRD0021,FOR022,IMPORTADO,2026-02-27,2026-02-27,2026-05-18,2026-05-18,192,192,USD,11.18,5.2435,624.89,1024.81,L0021-04
CMP00085,PRD0022,FOR023,IMPORTADO,2025-01-14,2025-01-14,2025-03-01,2025-03-06,151,151,USD,10.34,6.2023,675.57,1059.03,L0022-01
CMP00086,PRD0022,FOR023,IMPORTADO,2025-06-03,2025-06-03,2025-08-22,2025-08-24,156,156,USD,10.62,5.8246,428.53,812.83,L0022-02
CMP00087,PRD0022,FOR023,IMPORTADO,2025-10-04,2025-10-04,2025-11-19,2025-11-17,174,174,USD,10.52,5.5087,373.59,1602.93,L0022-03
CMP00088,PRD0022,FOR023,IMPORTADO,2026-02-24,2026-02-24,2026-05-20,2026-05-24,153,153,USD,11.69,5.3316,312.56,1334.53,L0022-04
CMP00089,PRD0023,FOR024,IMPORTADO,2025-01-09,2025-01-09,2025-03-30,2025-04-03,159,159,USD,18.19,6.1831,1113.8,2363.33,L0023-01
CMP00090,PRD0023,FOR024,IMPORTADO,2025-06-04,2025-06-04,2025-08-27,2025-08-25,165,165,USD,20.6,5.7295,1197.16,2207.54,L0023-02
CMP00091,PRD0023,FOR024,IMPORTADO,2025-10-17,2025-10-17,2026-01-03,2026-01-08,181,181,USD,20.4,5.592,1054.09,2962.16,L0023-03
CMP00092,PRD0023,FOR024,IMPORTADO,2026-02-22,2026-02-22,2026-04-28,2026-04-29,158,158,USD,22.16,5.3419,913.56,2330.15,L0023-04
CMP00093,PRD0024,FOR001,IMPORTADO,2025-01-21,2025-01-21,2025-03-30,2025-03-30,157,157,USD,8.04,6.2362,200.17,978.15,L0024-01
CMP00094,PRD0024,FOR001,IMPORTADO,2025-05-17,2025-05-17,2025-07-14,2025-07-13,156,156,USD,8.85,5.8595,499.58,1179.87,L0024-02
CMP00095,PRD0024,FOR001,IMPORTADO,2025-10-09,2025-10-09,2026-01-02,2026-01-01,130,130,USD,9.1,5.5328,317.69,618.49,L0024-03
CMP00096,PRD0024,FOR001,IMPORTADO,2026-02-13,2026-02-13,2026-04-23,2026-04-23,145,145,USD,9.77,5.3284,547.73,1007.73,L0024-04
CMP00097,PRD0025,FOR002,IMPORTADO,2025-01-03,2025-01-03,2025-03-23,2025-03-23,138,138,USD,10.97,6.3684,308.54,1192.34,L0025-01
CMP00098,PRD0025,FOR002,IMPORTADO,2025-05-30,2025-05-30,2025-07-17,2025-07-17,164,164,USD,11.72,5.8225,245.93,1681.78,L0025-02
CMP00099,PRD0025,FOR002,IMPORTADO,2025-10-07,2025-10-07,2025-12-21,2025-12-19,137,137,USD,13.49,5.44,751.11,1166.05,L0025-03
CMP00100,PRD0025,FOR002,IMPORTADO,2026-02-23,2026-02-23,2026-04-15,2026-04-14,159,159,USD,12.6,5.2729,505.41,998.3,L0025-04
CMP00101,PRD0026,FOR003,IMPORTADO,2025-01-13,2025-01-13,2025-03-22,2025-03-24,150,150,USD,11.7,6.2736,664.14,1059.45,L0026-01
CMP00102,PRD0026,FOR003,IMPORTADO,2025-05-28,2025-05-28,2025-08-10,2025-08-09,153,153,USD,12.97,5.856,806.5,1652.9,L0026-02
CMP00103,PRD0026,FOR003,IMPORTADO,2025-10-06,2025-10-06,2025-12-26,2025-12-31,148,148,USD,14.03,5.4052,444.1,1731.94,L0026-03
CMP00104,PRD0026,FOR003,IMPORTADO,2026-02-10,2026-02-10,2026-04-21,2026-04-23,135,135,USD,13.77,5.2957,806.94,1152.5,L0026-04
CMP00105,PRD0027,FOR004,IMPORTADO,2025-01-07,2025-01-07,2025-03-09,2025-03-10,162,162,USD,18.82,6.2659,1102.16,1949.44,L0027-01
CMP00106,PRD0027,FOR004,IMPORTADO,2025-05-26,2025-05-26,2025-08-08,2025-08-11,160,160,USD,18.42,5.7538,1341.04,2695.28,L0027-02
CMP00107,PRD0027,FOR004,IMPORTADO,2025-10-02,2025-10-02,2025-12-10,2025-12-11,160,160,USD,19.72,5.4329,386.84,2443.43,L0027-03
CMP00108,PRD0027,FOR004,IMPORTADO,2026-02-27,2026-02-27,2026-05-21,2026-05-22,140,140,USD,22.57,5.2663,1026.7,1923.9,L0027-04
CMP00109,PRD0028,FOR005,IMPORTADO,2025-01-06,2025-01-06,2025-03-12,2025-03-14,121,121,USD,14.58,6.2652,641.12,1150.96,L0028-01
CMP00110,PRD0028,FOR005,IMPORTADO,2025-05-29,2025-05-29,2025-08-15,2025-08-19,122,122,USD,14.62,5.8439,663.58,1139.24,L0028-02
CMP00111,PRD0028,FOR005,IMPORTADO,2025-10-10,2025-10-10,2026-01-02,2026-01-07,132,132,USD,14.77,5.6258,321.17,1293.08,L0028-03
CMP00112,PRD0028,FOR005,IMPORTADO,2026-02-15,2026-02-15,2026-04-13,2026-04-14,120,120,USD,15.54,5.3286,625.38,1337.04,L0028-04
CMP00113,PRD0029,FOR006,IMPORTADO,2025-01-11,2025-01-11,2025-03-26,2025-03-31,134,134,USD,13.74,6.2047,340.29,1327.26,L0029-01
CMP00114,PRD0029,FOR006,IMPORTADO,2025-05-20,2025-05-20,2025-07-25,2025-07-30,138,138,USD,13.6,5.8091,676.49,1673.1,L0029-02
CMP00115,PRD0029,FOR006,IMPORTADO,2025-10-02,2025-10-02,2025-11-27,2025-11-27,124,124,USD,14.85,5.4633,501.05,1545.0,L0029-03
CMP00116,PRD0029,FOR006,IMPORTADO,2026-02-24,2026-02-24,2026-04-24,2026-04-26,117,117,USD,14.66,5.2609,306.71,1140.0,L0029-04
CMP00117,PRD0030,FOR007,IMPORTADO,2025-01-08,2025-01-08,2025-03-16,2025-03-21,134,134,USD,13.46,6.2468,777.34,1406.57,L0030-01
CMP00118,PRD0030,FOR007,IMPORTADO,2025-05-27,2025-05-27,2025-07-22,2025-07-23,118,118,USD,15.11,5.7697,375.39,1201.75,L0030-02
CMP00119,PRD0030,FOR007,IMPORTADO,2025-09-28,2025-09-28,2025-11-15,2025-11-16,124,124,USD,15.0,5.4881,227.2,1402.5,L0030-03
CMP00120,PRD0030,FOR007,IMPORTADO,2026-02-13,2026-02-13,2026-04-30,2026-05-02,134,134,USD,17.04,5.3985,803.69,948.07,L0030-04
CMP00121,PRD0031,FOR008,IMPORTADO,2025-01-06,2025-01-06,2025-03-31,2025-04-03,196,196,USD,14.54,6.3205,786.28,1822.81,L0031-01
CMP00122,PRD0031,FOR008,IMPORTADO,2025-06-01,2025-06-01,2025-07-22,2025-07-21,173,173,USD,15.7,5.8844,809.93,1689.2,L0031-02
CMP00123,PRD0031,FOR008,IMPORTADO,2025-09-30,2025-09-30,2025-12-04,2025-12-02,182,182,USD,15.61,5.4649,1046.77,2221.68,L0031-03
CMP00124,PRD0031,FOR008,IMPORTADO,2026-02-24,2026-02-24,2026-05-01,2026-05-05,189,189,USD,17.19,5.322,927.53,1541.95,L0031-04
CMP00125,PRD0032,FOR009,IMPORTADO,2025-01-17,2025-01-17,2025-03-15,2025-03-13,140,140,USD,10.9,6.2389,341.57,1291.95,L0032-01
CMP00126,PRD0032,FOR009,IMPORTADO,2025-06-04,2025-06-04,2025-07-22,2025-07-24,160,160,USD,10.99,5.7982,782.3,1230.1,L0032-02
CMP00127,PRD0032,FOR009,IMPORTADO,2025-09-28,2025-09-28,2025-11-15,2025-11-20,166,166,USD,12.09,5.5137,280.02,1304.59,L0032-03
CMP00128,PRD0032,FOR009,IMPORTADO,2026-02-25,2026-02-25,2026-05-12,2026-05-11,167,167,USD,12.73,5.252,826.87,1486.81,L0032-04
CMP00129,PRD0033,FOR010,NACIONAL,2025-01-08,,2025-01-30,2025-01-29,141,141,BRL,116.94,,605.7,938.61,L0033-01
CMP00130,PRD0033,FOR010,NACIONAL,2025-05-19,,2025-06-04,2025-06-02,143,143,BRL,118.04,,662.86,760.91,L0033-02
CMP00131,PRD0033,FOR010,NACIONAL,2025-10-17,,2025-10-26,2025-10-27,144,144,BRL,118.05,,368.68,910.61,L0033-03
CMP00132,PRD0033,FOR010,NACIONAL,2026-02-28,,2026-03-20,2026-03-25,139,139,BRL,111.4,,1138.9,874.52,L0033-04
CMP00133,PRD0034,FOR011,NACIONAL,2025-01-19,,2025-02-13,2025-02-12,172,172,BRL,110.78,,1344.64,924.29,L0034-01
CMP00134,PRD0034,FOR011,NACIONAL,2025-06-03,,2025-06-22,2025-06-24,182,182,BRL,119.28,,1480.25,572.09,L0034-02
CMP00135,PRD0034,FOR011,NACIONAL,2025-09-28,,2025-10-19,2025-10-21,174,174,BRL,112.27,,673.18,1011.38,L0034-03
CMP00136,PRD0034,FOR011,NACIONAL,2026-02-23,,2026-03-14,2026-03-14,159,159,BRL,107.65,,518.73,853.65,L0034-04
CMP00137,PRD0035,FOR012,NACIONAL,2025-01-02,,2025-01-25,2025-01-23,139,139,BRL,101.7,,695.81,745.24,L0035-01
CMP00138,PRD0035,FOR012,NACIONAL,2025-05-27,,2025-06-05,2025-06-08,158,158,BRL,101.83,,782.33,921.49,L0035-02
CMP00139,PRD0035,FOR012,NACIONAL,2025-10-14,,2025-10-29,2025-11-02,136,136,BRL,101.81,,421.43,726.19,L0035-03
CMP00140,PRD0035,FOR012,NACIONAL,2026-02-12,,2026-02-20,2026-02-21,136,136,BRL,98.2,,1045.03,694.23,L0035-04
CMP00141,PRD0036,FOR013,NACIONAL,2025-01-20,,2025-02-09,2025-02-09,124,124,BRL,65.6,,289.38,335.42,L0036-01
CMP00142,PRD0036,FOR013,NACIONAL,2025-05-16,,2025-06-09,2025-06-10,130,130,BRL,63.49,,539.13,321.69,L0036-02
CMP00143,PRD0036,FOR013,NACIONAL,2025-10-16,,2025-11-07,2025-11-10,123,123,BRL,61.78,,583.01,321.89,L0036-03
CMP00144,PRD0036,FOR013,NACIONAL,2026-02-12,,2026-03-03,2026-03-06,142,142,BRL,65.54,,595.8,527.41,L0036-04
CMP00145,PRD0037,FOR014,NACIONAL,2025-01-08,,2025-01-29,2025-01-31,126,126,BRL,93.82,,270.85,716.43,L0037-01
CMP00146,PRD0037,FOR014,NACIONAL,2025-06-04,,2025-06-11,2025-06-15,115,115,BRL,89.99,,469.91,594.86,L0037-02
CMP00147,PRD0037,FOR014,NACIONAL,2025-10-09,,2025-11-02,2025-11-05,119,119,BRL,95.27,,313.62,360.21,L0037-03
CMP00148,PRD0037,FOR014,NACIONAL,2026-02-16,,2026-03-13,2026-03-11,127,127,BRL,91.02,,503.2,685.19,L0037-04
CMP00149,PRD0038,FOR015,NACIONAL,2025-01-02,,2025-01-23,2025-01-24,125,125,BRL,119.02,,1097.37,847.66,L0038-01
CMP00150,PRD0038,FOR015,NACIONAL,2025-05-27,,2025-06-12,2025-06-13,116,116,BRL,120.24,,502.43,898.92,L0038-02
CMP00151,PRD0038,FOR015,NACIONAL,2025-10-15,,2025-10-22,2025-10-22,104,104,BRL,126.11,,580.97,842.29,L0038-03
CMP00152,PRD0038,FOR015,NACIONAL,2026-02-12,,2026-03-02,2026-03-05,124,124,BRL,129.0,,1049.18,590.15,L0038-04
CMP00153,PRD0039,FOR016,NACIONAL,2025-01-04,,2025-01-14,2025-01-14,143,143,BRL,69.23,,376.95,338.39,L0039-01
CMP00154,PRD0039,FOR016,NACIONAL,2025-05-24,,2025-06-14,2025-06-16,118,118,BRL,74.13,,224.87,404.22,L0039-02
CMP00155,PRD0039,FOR016,NACIONAL,2025-10-17,,2025-10-28,2025-10-29,138,138,BRL,68.06,,586.1,362.48,L0039-03
CMP00156,PRD0039,FOR016,NACIONAL,2026-03-02,,2026-03-13,2026-03-17,127,127,BRL,66.6,,497.35,531.77,L0039-04
CMP00157,PRD0040,FOR017,NACIONAL,2025-01-17,,2025-01-28,2025-02-02,145,145,BRL,123.79,,965.57,542.92,L0040-01
CMP00158,PRD0040,FOR017,NACIONAL,2025-05-29,,2025-06-20,2025-06-24,135,135,BRL,116.34,,604.17,912.94,L0040-02
CMP00159,PRD0040,FOR017,NACIONAL,2025-10-01,,2025-10-25,2025-10-23,140,140,BRL,115.01,,1207.42,401.12,L0040-03
CMP00160,PRD0040,FOR017,NACIONAL,2026-02-25,,2026-03-13,2026-03-12,141,141,BRL,124.02,,841.69,624.02,L0040-04
CMP00161,PRD0041,FOR018,NACIONAL,2025-01-10,,2025-01-24,2025-01-25,118,118,BRL,97.23,,274.84,748.29,L0041-01
CMP00162,PRD0041,FOR018,NACIONAL,2025-06-04,,2025-06-14,2025-06-14,105,105,BRL,105.1,,312.67,581.83,L0041-02
CMP00163,PRD0041,FOR018,NACIONAL,2025-10-10,,2025-11-03,2025-11-02,118,118,BRL,94.66,,363.08,744.28,L0041-03
CMP00164,PRD0041,FOR018,NACIONAL,2026-02-24,,2026-03-12,2026-03-17,121,121,BRL,101.17,,583.58,403.47,L0041-04
CMP00165,PRD0042,FOR019,NACIONAL,2025-01-03,,2025-01-22,2025-01-20,124,124,BRL,121.16,,449.92,886.04,L0042-01
CMP00166,PRD0042,FOR019,NACIONAL,2025-05-28,,2025-06-08,2025-06-11,105,105,BRL,122.92,,852.03,725.1,L0042-02
CMP00167,PRD0042,FOR019,NACIONAL,2025-10-11,,2025-10-19,2025-10-18,120,120,BRL,110.63,,713.08,814.84,L0042-03
CMP00168,PRD0042,FOR019,NACIONAL,2026-02-21,,2026-03-15,2026-03-14,115,115,BRL,114.03,,947.12,782.55,L0042-04
CMP00169,PRD0043,FOR020,NACIONAL,2025-01-13,,2025-01-30,2025-01-31,103,103,BRL,46.46,,114.5,215.67,L0043-01
CMP00170,PRD0043,FOR020,NACIONAL,2025-06-02,,2025-06-17,2025-06-16,123,123,BRL,47.19,,446.05,160.19,L0043-02
CMP00171,PRD0043,FOR020,NACIONAL,2025-10-05,,2025-10-13,2025-10-14,111,111,BRL,47.28,,223.09,180.27,L0043-03
CMP00172,PRD0043,FOR020,NACIONAL,2026-02-23,,2026-03-11,2026-03-13,118,118,BRL,44.61,,293.67,191.94,L0043-04
CMP00173,PRD0044,FOR021,NACIONAL,2025-01-06,,2025-01-28,2025-01-31,107,107,BRL,42.58,,180.39,257.67,L0044-01
CMP00174,PRD0044,FOR021,NACIONAL,2025-05-30,,2025-06-10,2025-06-13,111,111,BRL,41.44,,117.95,229.98,L0044-02
CMP00175,PRD0044,FOR021,NACIONAL,2025-10-17,,2025-10-25,2025-10-27,108,108,BRL,41.38,,170.75,154.49,L0044-03
CMP00176,PRD0044,FOR021,NACIONAL,2026-02-21,,2026-03-13,2026-03-16,118,118,BRL,40.53,,206.55,263.29,L0044-04
CMP00177,PRD0045,FOR022,NACIONAL,2025-01-14,,2025-01-24,2025-01-22,108,108,BRL,62.71,,331.79,435.14,L0045-01
CMP00178,PRD0045,FOR022,NACIONAL,2025-05-29,,2025-06-22,2025-06-24,97,97,BRL,64.91,,492.05,424.28,L0045-02
CMP00179,PRD0045,FOR022,NACIONAL,2025-10-16,,2025-10-23,2025-10-27,95,95,BRL,67.52,,167.25,439.88,L0045-03
CMP00180,PRD0045,FOR022,NACIONAL,2026-02-14,,2026-02-22,2026-02-26,107,107,BRL,63.0,,516.29,459.91,L0045-04
CMP00181,PRD0046,FOR023,NACIONAL,2025-01-15,,2025-02-02,2025-01-31,108,108,BRL,56.06,,239.46,380.29,L0046-01
CMP00182,PRD0046,FOR023,NACIONAL,2025-05-18,,2025-05-25,2025-05-26,116,116,BRL,54.26,,484.32,389.06,L0046-02
CMP00183,PRD0046,FOR023,NACIONAL,2025-10-08,,2025-10-31,2025-11-01,119,119,BRL,53.3,,454.87,156.01,L0046-03
CMP00184,PRD0046,FOR023,NACIONAL,2026-02-18,,2026-03-15,2026-03-14,126,126,BRL,52.95,,412.09,406.67,L0046-04
CMP00185,PRD0047,FOR024,NACIONAL,2025-01-11,,2025-01-22,2025-01-20,94,94,BRL,76.2,,284.12,438.64,L0047-01
CMP00186,PRD0047,FOR024,NACIONAL,2025-05-16,,2025-05-27,2025-05-29,95,95,BRL,70.94,,553.78,213.56,L0047-02
CMP00187,PRD0047,FOR024,NACIONAL,2025-10-10,,2025-10-18,2025-10-20,104,104,BRL,76.41,,474.16,204.99,L0047-03
CMP00188,PRD0047,FOR024,NACIONAL,2026-02-17,,2026-03-12,2026-03-10,103,103,BRL,73.77,,474.5,321.45,L0047-04
CMP00189,PRD0048,FOR001,NACIONAL,2025-01-02,,2025-01-17,2025-01-20,116,116,BRL,47.76,,422.28,352.9,L0048-01
CMP00190,PRD0048,FOR001,NACIONAL,2025-05-24,,2025-06-11,2025-06-16,129,129,BRL,47.88,,270.54,244.65,L0048-02
CMP00191,PRD0048,FOR001,NACIONAL,2025-10-16,,2025-11-07,2025-11-12,111,111,BRL,46.02,,362.96,159.79,L0048-03
CMP00192,PRD0048,FOR001,NACIONAL,2026-02-28,,2026-03-13,2026-03-17,113,113,BRL,45.67,,151.65,158.78,L0048-04
CMP00193,PRD0049,FOR002,NACIONAL,2025-01-03,,2025-01-20,2025-01-23,105,105,BRL,42.65,,352.71,268.94,L0049-01
CMP00194,PRD0049,FOR002,NACIONAL,2025-05-20,,2025-05-29,2025-06-02,110,110,BRL,45.93,,180.61,173.19,L0049-02
CMP00195,PRD0049,FOR002,NACIONAL,2025-09-29,,2025-10-24,2025-10-23,112,112,BRL,46.23,,108.42,259.04,L0049-03
CMP00196,PRD0049,FOR002,NACIONAL,2026-02-24,,2026-03-19,2026-03-19,100,100,BRL,46.24,,158.92,233.63,L0049-04
CMP00197,PRD0050,FOR003,NACIONAL,2025-01-18,,2025-02-03,2025-02-06,111,111,BRL,95.13,,304.61,659.96,L0050-01
CMP00198,PRD0050,FOR003,NACIONAL,2025-05-29,,2025-06-16,2025-06-17,124,124,BRL,88.56,,738.14,224.72,L0050-02
CMP00199,PRD0050,FOR003,NACIONAL,2025-10-10,,2025-10-30,2025-10-28,118,118,BRL,85.57,,393.62,279.12,L0050-03
CMP00200,PRD0050,FOR003,NACIONAL,2026-03-02,,2026-03-22,2026-03-25,120,120,BRL,88.17,,277.24,402.69,L0050-04
CMP00201,PRD0051,FOR004,NACIONAL,2025-01-08,,2025-01-27,2025-01-25,71,71,BRL,66.5,,352.85,181.12,L0051-01
CMP00202,PRD0051,FOR004,NACIONAL,2025-05-27,,2025-06-05,2025-06-03,75,75,BRL,68.57,,278.13,288.91,L0051-02
CMP00203,PRD0051,FOR004,NACIONAL,2025-10-14,,2025-10-26,2025-10-24,84,84,BRL,71.02,,218.32,321.73,L0051-03
CMP00204,PRD0051,FOR004,NACIONAL,2026-02-22,,2026-03-05,2026-03-05,82,82,BRL,69.02,,119.83,348.35,L0051-04
CMP00205,PRD0052,FOR005,NACIONAL,2025-01-19,,2025-02-10,2025-02-15,100,100,BRL,63.86,,401.9,168.7,L0052-01
CMP00206,PRD0052,FOR005,NACIONAL,2025-05-25,,2025-06-18,2025-06-19,93,93,BRL,64.74,,302.97,142.59,L0052-02
CMP00207,PRD0052,FOR005,NACIONAL,2025-10-01,,2025-10-22,2025-10-25,103,103,BRL,63.91,,326.39,395.44,L0052-03
CMP00208,PRD0052,FOR005,NACIONAL,2026-02-27,,2026-03-23,2026-03-25,101,101,BRL,63.87,,184.72,299.7,L0052-04
CMP00209,PRD0053,FOR006,NACIONAL,2025-01-02,,2025-01-27,2025-01-27,85,85,BRL,69.12,,322.64,161.83,L0053-01
CMP00210,PRD0053,FOR006,NACIONAL,2025-05-20,,2025-06-08,2025-06-07,93,93,BRL,69.97,,297.99,195.78,L0053-02
CMP00211,PRD0053,FOR006,NACIONAL,2025-10-05,,2025-10-19,2025-10-19,86,86,BRL,70.66,,139.68,153.79,L0053-03
CMP00212,PRD0053,FOR006,NACIONAL,2026-02-11,,2026-03-08,2026-03-11,84,84,BRL,67.24,,412.51,120.15,L0053-04
CMP00213,PRD0054,FOR007,NACIONAL,2025-01-02,,2025-01-16,2025-01-15,84,84,BRL,91.52,,199.19,450.45,L0054-01
CMP00214,PRD0054,FOR007,NACIONAL,2025-05-16,,2025-05-28,2025-05-28,96,96,BRL,96.93,,274.66,348.33,L0054-02
CMP00215,PRD0054,FOR007,NACIONAL,2025-10-06,,2025-10-25,2025-10-26,91,91,BRL,93.67,,295.67,572.92,L0054-03
CMP00216,PRD0054,FOR007,NACIONAL,2026-02-22,,2026-03-06,2026-03-05,81,81,BRL,92.8,,350.76,423.77,L0054-04
CMP00217,PRD0055,FOR008,NACIONAL,2025-01-21,,2025-02-14,2025-02-16,60,60,BRL,39.12,,108.54,139.4,L0055-01
CMP00218,PRD0055,FOR008,NACIONAL,2025-06-01,,2025-06-15,2025-06-18,56,56,BRL,38.58,,87.75,66.75,L0055-02
CMP00219,PRD0055,FOR008,NACIONAL,2025-10-12,,2025-11-02,2025-11-05,62,62,BRL,37.37,,130.98,132.31,L0055-03
CMP00220,PRD0055,FOR008,NACIONAL,2026-02-18,,2026-03-04,2026-03-09,59,59,BRL,39.82,,129.5,111.79,L0055-04
CMP00221,PRD0056,FOR009,NACIONAL,2025-01-12,,2025-01-19,2025-01-17,89,89,BRL,64.72,,177.73,139.79,L0056-01
CMP00222,PRD0056,FOR009,NACIONAL,2025-05-23,,2025-06-11,2025-06-15,91,91,BRL,62.62,,291.72,408.14,L0056-02
CMP00223,PRD0056,FOR009,NACIONAL,2025-10-14,,2025-11-01,2025-11-03,95,95,BRL,64.33,,210.39,217.12,L0056-03
CMP00224,PRD0056,FOR009,NACIONAL,2026-02-17,,2026-03-06,2026-03-04,102,102,BRL,63.88,,473.99,256.86,L0056-04
CMP00225,PRD0057,FOR010,NACIONAL,2025-01-20,,2025-02-08,2025-02-07,89,89,BRL,82.95,,342.14,497.15,L0057-01
CMP00226,PRD0057,FOR010,NACIONAL,2025-06-05,,2025-06-12,2025-06-14,86,86,BRL,84.74,,233.9,434.77,L0057-02
CMP00227,PRD0057,FOR010,NACIONAL,2025-10-04,,2025-10-20,2025-10-21,84,84,BRL,77.07,,343.26,408.58,L0057-03
CMP00228,PRD0057,FOR010,NACIONAL,2026-02-28,,2026-03-10,2026-03-15,87,87,BRL,79.03,,293.07,381.42,L0057-04
CMP00229,PRD0058,FOR011,NACIONAL,2025-01-21,,2025-02-09,2025-02-08,92,92,BRL,43.66,,105.16,231.44,L0058-01
CMP00230,PRD0058,FOR011,NACIONAL,2025-06-04,,2025-06-29,2025-07-03,75,75,BRL,44.73,,84.42,200.77,L0058-02
CMP00231,PRD0058,FOR011,NACIONAL,2025-10-12,,2025-10-25,2025-10-29,77,77,BRL,40.33,,183.59,214.56,L0058-03
CMP00232,PRD0058,FOR011,NACIONAL,2026-02-27,,2026-03-11,2026-03-13,93,93,BRL,41.41,,161.76,258.96,L0058-04
CMP00233,PRD0059,FOR012,NACIONAL,2025-01-07,,2025-01-28,2025-01-27,76,76,BRL,82.36,,174.12,338.15,L0059-01
CMP00234,PRD0059,FOR012,NACIONAL,2025-06-05,,2025-06-15,2025-06-20,89,89,BRL,82.12,,518.43,459.55,L0059-02
CMP00235,PRD0059,FOR012,NACIONAL,2025-10-15,,2025-11-09,2025-11-11,87,87,BRL,84.21,,408.52,176.74,L0059-03
CMP00236,PRD0059,FOR012,NACIONAL,2026-02-20,,2026-02-28,2026-03-03,82,82,BRL,87.62,,466.77,436.95,L0059-04
CMP00237,PRD0060,FOR013,NACIONAL,2025-01-19,,2025-01-28,2025-01-31,72,72,BRL,43.58,,157.53,110.86,L0060-01
CMP00238,PRD0060,FOR013,NACIONAL,2025-05-30,,2025-06-24,2025-06-22,83,83,BRL,47.55,,285.84,255.47,L0060-02
CMP00239,PRD0060,FOR013,NACIONAL,2025-10-13,,2025-10-20,2025-10-19,86,86,BRL,45.91,,285.58,210.02,L0060-03
CMP00240,PRD0060,FOR013,NACIONAL,2026-02-18,,2026-03-06,2026-03-10,89,89,BRL,42.68,,194.82,238.2,L0060-04
CMP00241,PRD0061,FOR014,NACIONAL,2025-01-15,,2025-02-06,2025-02-08,75,75,BRL,64.44,,214.63,328.11,L0061-01
CMP00242,PRD0061,FOR014,NACIONAL,2025-05-30,,2025-06-23,2025-06-25,84,84,BRL,67.33,,209.63,288.41,L0061-02
CMP00243,PRD0061,FOR014,NACIONAL,2025-10-05,,2025-10-17,2025-10-15,82,82,BRL,64.98,,131.39,324.01,L0061-03
CMP00244,PRD0061,FOR014,NACIONAL,2026-02-28,,2026-03-23,2026-03-27,172,172,BRL,69.2,,324.73,586.91,L0061-04
CMP00245,PRD0062,FOR015,NACIONAL,2025-01-13,,2025-01-30,2025-01-28,70,70,BRL,61.77,,287.3,248.61,L0062-01
CMP00246,PRD0062,FOR015,NACIONAL,2025-05-30,,2025-06-12,2025-06-15,63,63,BRL,59.95,,181.64,195.47,L0062-02
CMP00247,PRD0062,FOR015,NACIONAL,2025-10-03,,2025-10-13,2025-10-12,62,62,BRL,64.32,,295.19,195.28,L0062-03
CMP00248,PRD0062,FOR015,NACIONAL,2026-03-02,,2026-03-21,2026-03-23,153,153,BRL,57.91,,327.17,547.49,L0062-04
CMP00249,PRD0063,FOR016,NACIONAL,2025-01-02,,2025-01-21,2025-01-24,79,79,BRL,87.88,,252.98,412.38,L0063-01
CMP00250,PRD0063,FOR016,NACIONAL,2025-06-02,,2025-06-19,2025-06-19,74,74,BRL,86.36,,243.45,297.41,L0063-02
CMP00251,PRD0063,FOR016,NACIONAL,2025-10-17,,2025-11-07,2025-11-07,78,78,BRL,85.54,,373.55,165.22,L0063-03
CMP00252,PRD0063,FOR016,NACIONAL,2026-02-28,,2026-03-12,2026-03-12,151,151,BRL,87.35,,789.4,634.03,L0063-04
CMP00253,PRD0064,FOR017,NACIONAL,2025-01-08,,2025-01-21,2025-01-22,62,62,BRL,43.68,,200.87,191.85,L0064-01
CMP00254,PRD0064,FOR017,NACIONAL,2025-05-19,,2025-06-05,2025-06-06,55,55,BRL,43.13,,148.58,63.32,L0064-02
CMP00255,PRD0064,FOR017,NACIONAL,2025-10-13,,2025-10-28,2025-10-26,54,54,BRL,43.69,,112.94,69.39,L0064-03
CMP00256,PRD0064,FOR017,NACIONAL,2026-03-02,,2026-03-10,2026-03-15,117,117,BRL,46.86,,147.74,204.48,L0064-04
CMP00257,PRD0065,FOR018,NACIONAL,2025-01-17,,2025-01-26,2025-01-26,94,94,BRL,80.23,,323.39,192.23,L0065-01
CMP00258,PRD0065,FOR018,NACIONAL,2025-05-30,,2025-06-15,2025-06-20,88,88,BRL,73.48,,375.07,248.91,L0065-02
CMP00259,PRD0065,FOR018,NACIONAL,2025-10-12,,2025-10-29,2025-10-28,88,88,BRL,74.1,,208.87,232.42,L0065-03
CMP00260,PRD0065,FOR018,NACIONAL,2026-02-19,,2026-03-13,2026-03-16,178,178,BRL,74.44,,961.17,313.29,L0065-04
CMP00261,PRD0066,FOR019,NACIONAL,2025-01-19,,2025-02-08,2025-02-13,79,79,BRL,71.56,,298.5,331.36,L0066-01
CMP00262,PRD0066,FOR019,NACIONAL,2025-05-20,,2025-05-30,2025-06-02,79,79,BRL,67.82,,220.74,161.82,L0066-02
CMP00263,PRD0066,FOR019,NACIONAL,2025-10-18,,2025-10-25,2025-10-29,78,78,BRL,74.4,,399.26,195.3,L0066-03
CMP00264,PRD0066,FOR019,NACIONAL,2026-02-14,,2026-02-23,2026-02-28,161,161,BRL,75.7,,344.09,528.37,L0066-04
CMP00265,PRD0067,FOR020,NACIONAL,2025-01-14,,2025-01-28,2025-01-28,60,60,BRL,55.16,,234.7,180.74,L0067-01
CMP00266,PRD0067,FOR020,NACIONAL,2025-05-28,,2025-06-21,2025-06-20,58,58,BRL,58.94,,133.26,96.74,L0067-02
CMP00267,PRD0067,FOR020,NACIONAL,2025-10-07,,2025-10-14,2025-10-14,58,58,BRL,58.46,,175.76,145.41,L0067-03
CMP00268,PRD0067,FOR020,NACIONAL,2026-02-28,,2026-03-25,2026-03-27,128,128,BRL,55.5,,295.03,150.79,L0067-04
CMP00269,PRD0068,FOR021,NACIONAL,2025-01-17,,2025-01-24,2025-01-25,70,70,BRL,47.06,,244.87,134.1,L0068-01
CMP00270,PRD0068,FOR021,NACIONAL,2025-05-25,,2025-06-09,2025-06-08,69,69,BRL,48.98,,231.13,154.42,L0068-02
CMP00271,PRD0068,FOR021,NACIONAL,2025-09-29,,2025-10-07,2025-10-05,63,63,BRL,49.84,,63.23,172.83,L0068-03
CMP00272,PRD0068,FOR021,NACIONAL,2026-02-28,,2026-03-07,2026-03-06,144,144,BRL,47.66,,233.03,154.19,L0068-04
CMP00273,PRD0069,FOR022,NACIONAL,2025-01-11,,2025-01-28,2025-02-02,61,61,BRL,52.48,,70.41,159.61,L0069-01
CMP00274,PRD0069,FOR022,NACIONAL,2025-05-30,,2025-06-24,2025-06-25,67,67,BRL,47.66,,152.8,209.91,L0069-02
CMP00275,PRD0069,FOR022,NACIONAL,2025-10-05,,2025-10-16,2025-10-21,61,61,BRL,50.37,,152.22,154.41,L0069-03
CMP00276,PRD0069,FOR022,NACIONAL,2026-02-22,,2026-03-07,2026-03-09,117,117,BRL,50.56,,350.92,397.98,L0069-04
CMP00277,PRD0070,FOR023,NACIONAL,2025-01-07,,2025-01-19,2025-01-17,73,73,BRL,75.7,,169.13,206.49,L0070-01
CMP00278,PRD0070,FOR023,NACIONAL,2025-06-01,,2025-06-21,2025-06-23,73,73,BRL,78.1,,115.84,112.53,L0070-02
CMP00279,PRD0070,FOR023,NACIONAL,2025-10-02,,2025-10-24,2025-10-26,84,84,BRL,76.77,,474.38,137.87,L0070-03
CMP00280,PRD0070,FOR023,NACIONAL,2026-02-16,,2026-03-05,2026-03-04,157,157,BRL,71.98,,433.38,369.9,L0070-04
CMP00281,PRD0071,FOR024,NACIONAL,2025-01-14,,2025-01-31,2025-02-03,71,71,BRL,66.57,,103.18,140.75,L0071-01
CMP00282,PRD0071,FOR024,NACIONAL,2025-05-27,,2025-06-18,2025-06-20,64,64,BRL,74.52,,324.09,149.91,L0071-02
CMP00283,PRD0071,FOR024,NACIONAL,2025-10-04,,2025-10-18,2025-10-17,73,73,BRL,66.69,,144.17,250.18,L0071-03
CMP00284,PRD0071,FOR024,NACIONAL,2026-03-02,,2026-03-10,2026-03-12,157,157,BRL,69.64,,460.69,445.12,L0071-04
CMP00285,PRD0072,FOR001,NACIONAL,2025-01-12,,2025-01-30,2025-02-02,60,60,BRL,89.88,,330.25,139.17,L0072-01
CMP00286,PRD0072,FOR001,NACIONAL,2025-05-30,,2025-06-12,2025-06-17,52,52,BRL,86.29,,226.28,193.08,L0072-02
CMP00287,PRD0072,FOR001,NACIONAL,2025-09-30,,2025-10-21,2025-10-23,61,61,BRL,87.2,,160.42,343.42,L0072-03
CMP00288,PRD0072,FOR001,NACIONAL,2026-02-20,,2026-03-13,2026-03-11,102,102,BRL,86.25,,245.87,383.76,L0072-04
CMP00289,PRD0073,FOR002,NACIONAL,2025-01-07,,2025-01-30,2025-01-31,75,75,BRL,59.58,,285.87,151.81,L0073-01
CMP00290,PRD0073,FOR002,NACIONAL,2025-05-26,,2025-06-05,2025-06-10,67,67,BRL,55.75,,216.34,128.2,L0073-02
CMP00291,PRD0073,FOR002,NACIONAL,2025-10-08,,2025-10-25,2025-10-23,64,64,BRL,58.64,,220.91,178.73,L0073-03
CMP00292,PRD0073,FOR002,NACIONAL,2026-02-13,,2026-02-25,2026-02-25,159,159,BRL,61.79,,471.37,471.06,L0073-04
CMP00293,PRD0074,FOR003,NACIONAL,2025-01-13,,2025-01-22,2025-01-22,79,79,BRL,59.75,,125.02,260.92,L0074-01
CMP00294,PRD0074,FOR003,NACIONAL,2025-06-05,,2025-06-26,2025-06-25,75,75,BRL,59.99,,341.78,125.97,L0074-02
CMP00295,PRD0074,FOR003,NACIONAL,2025-10-02,,2025-10-20,2025-10-18,81,81,BRL,57.61,,312.44,170.38,L0074-03
CMP00296,PRD0074,FOR003,NACIONAL,2026-02-16,,2026-03-05,2026-03-10,165,165,BRL,54.49,,744.17,403.28,L0074-04
CMP00297,PRD0075,FOR004,NACIONAL,2025-01-13,,2025-02-03,2025-02-05,59,59,BRL,81.97,,299.49,155.78,L0075-01
CMP00298,PRD0075,FOR004,NACIONAL,2025-05-23,,2025-06-08,2025-06-10,62,62,BRL,78.14,,239.72,165.47,L0075-02
CMP00299,PRD0075,FOR004,NACIONAL,2025-10-05,,2025-10-18,2025-10-20,65,65,BRL,81.43,,177.41,201.65,L0075-03
CMP00300,PRD0075,FOR004,NACIONAL,2026-02-28,,2026-03-08,2026-03-09,132,132,BRL,76.03,,290.61,538.37,L0075-04
CMP00301,PRD0076,FOR005,NACIONAL,2025-01-18,,2025-01-31,2025-02-04,67,67,BRL,83.05,,209.27,342.52,L0076-01
CMP00302,PRD0076,FOR005,NACIONAL,2025-05-28,,2025-06-08,2025-06-09,64,64,BRL,87.01,,263.74,278.23,L0076-02
CMP00303,PRD0076,FOR005,NACIONAL,2025-10-09,,2025-11-03,2025-11-03,59,59,BRL,85.34,,99.77,297.94,L0076-03
CMP00304,PRD0076,FOR005,NACIONAL,2026-02-15,,2026-03-09,2026-03-11,144,144,BRL,85.04,,680.98,737.89,L0076-04
CMP00305,PRD0077,FOR006,NACIONAL,2025-01-02,,2025-01-18,2025-01-20,60,60,BRL,48.07,,105.48,85.86,L0077-01
CMP00306,PRD0077,FOR006,NACIONAL,2025-06-03,,2025-06-19,2025-06-24,62,62,BRL,50.89,,174.34,102.79,L0077-02
CMP00307,PRD0077,FOR006,NACIONAL,2025-09-30,,2025-10-13,2025-10-13,59,59,BRL,50.81,,97.2,157.29,L0077-03
CMP00308,PRD0077,FOR006,NACIONAL,2026-02-17,,2026-03-04,2026-03-08,121,121,BRL,50.32,,457.34,143.19,L0077-04
CMP00309,PRD0078,FOR007,NACIONAL,2025-01-16,,2025-02-04,2025-02-07,56,56,BRL,78.54,,155.03,219.38,L0078-01
CMP00310,PRD0078,FOR007,NACIONAL,2025-06-05,,2025-06-30,2025-07-03,47,47,BRL,80.53,,151.67,179.76,L0078-02
CMP00311,PRD0078,FOR007,NACIONAL,2025-10-09,,2025-10-26,2025-10-31,51,51,BRL,82.23,,183.39,88.41,L0078-03
CMP00312,PRD0078,FOR007,NACIONAL,2026-02-28,,2026-03-18,2026-03-22,111,111,BRL,79.54,,290.35,575.52,L0078-04
CMP00313,PRD0079,FOR008,NACIONAL,2025-01-18,,2025-02-05,2025-02-10,50,50,BRL,39.65,,114.45,56.97,L0079-01
CMP00314,PRD0079,FOR008,NACIONAL,2025-06-03,,2025-06-22,2025-06-24,54,54,BRL,43.67,,91.08,133.32,L0079-02
CMP00315,PRD0079,FOR008,NACIONAL,2025-09-30,,2025-10-11,2025-10-15,59,59,BRL,39.86,,56.14,140.17,L0079-03
CMP00316,PRD0079,FOR008,NACIONAL,2026-02-24,,2026-03-04,2026-03-03,111,111,BRL,40.2,,128.3,139.42,L0079-04
CMP00317,PRD0080,FOR009,NACIONAL,2025-01-02,,2025-01-21,2025-01-21,58,58,BRL,22.04,,55.8,45.99,L0080-01
CMP00318,PRD0080,FOR009,NACIONAL,2025-05-25,,2025-06-08,2025-06-13,63,63,BRL,22.59,,57.96,60.98,L0080-02
CMP00319,PRD0080,FOR009,NACIONAL,2025-09-29,,2025-10-12,2025-10-13,65,65,BRL,22.21,,57.53,52.75,L0080-03
CMP00320,PRD0080,FOR009,NACIONAL,2026-02-13,,2026-02-26,2026-02-28,134,134,BRL,22.6,,103.14,121.67,L0080-04
CMP00321,PRD0081,FOR010,NACIONAL,2025-01-10,,2025-01-17,2025-01-22,55,55,BRL,36.15,,50.06,106.05,L0081-01
CMP00322,PRD0081,FOR010,NACIONAL,2025-05-27,,2025-06-20,2025-06-25,49,49,BRL,36.85,,96.13,109.64,L0081-02
CMP00323,PRD0081,FOR010,NACIONAL,2025-10-04,,2025-10-19,2025-10-19,56,56,BRL,35.55,,133.06,147.49,L0081-03
CMP00324,PRD0081,FOR010,NACIONAL,2026-02-15,,2026-03-08,2026-03-11,109,109,BRL,35.88,,298.34,200.41,L0081-04
CMP00325,PRD0082,FOR011,NACIONAL,2025-01-02,,2025-01-21,2025-01-24,37,37,BRL,28.56,,29.74,49.01,L0082-01
CMP00326,PRD0082,FOR011,NACIONAL,2025-05-26,,2025-06-19,2025-06-20,40,40,BRL,27.64,,49.38,44.52,L0082-02
CMP00327,PRD0082,FOR011,NACIONAL,2025-09-30,,2025-10-18,2025-10-21,40,40,BRL,27.7,,70.2,45.5,L0082-03
CMP00328,PRD0082,FOR011,NACIONAL,2026-02-22,,2026-03-05,2026-03-05,79,79,BRL,30.52,,170.78,86.97,L0082-04
CMP00329,PRD0083,FOR012,NACIONAL,2025-01-09,,2025-01-16,2025-01-15,56,56,BRL,43.19,,125.88,128.81,L0083-01
CMP00330,PRD0083,FOR012,NACIONAL,2025-05-24,,2025-06-07,2025-06-10,53,53,BRL,44.57,,177.42,74.51,L0083-02
CMP00331,PRD0083,FOR012,NACIONAL,2025-10-01,,2025-10-17,2025-10-18,59,59,BRL,40.19,,56.8,127.84,L0083-03
CMP00332,PRD0083,FOR012,NACIONAL,2026-02-24,,2026-03-10,2026-03-09,121,121,BRL,43.1,,142.2,334.81,L0083-04
CMP00333,PRD0084,FOR013,NACIONAL,2025-01-19,,2025-02-07,2025-02-09,58,58,BRL,28.36,,93.45,86.24,L0084-01
CMP00334,PRD0084,FOR013,NACIONAL,2025-06-04,,2025-06-25,2025-06-30,64,64,BRL,25.96,,93.56,86.22,L0084-02
CMP00335,PRD0084,FOR013,NACIONAL,2025-10-11,,2025-10-18,2025-10-20,61,61,BRL,28.21,,79.03,54.63,L0084-03
CMP00336,PRD0084,FOR013,NACIONAL,2026-02-23,,2026-03-10,2026-03-08,123,123,BRL,28.18,,217.31,151.6,L0084-04
CMP00337,PRD0085,FOR014,NACIONAL,2025-01-09,,2025-01-19,2025-01-23,48,48,BRL,27.23,,52.11,56.43,L0085-01
CMP00338,PRD0085,FOR014,NACIONAL,2025-05-23,,2025-06-10,2025-06-08,50,50,BRL,26.3,,70.62,58.01,L0085-02
CMP00339,PRD0085,FOR014,NACIONAL,2025-10-07,,2025-10-15,2025-10-15,52,52,BRL,25.91,,108.14,72.33,L0085-03
CMP00340,PRD0085,FOR014,NACIONAL,2026-02-24,,2026-03-08,2026-03-09,111,111,BRL,26.11,,81.32,128.82,L0085-04
CMP00341,PRD0086,FOR015,NACIONAL,2025-01-11,,2025-01-25,2025-01-27,58,58,BRL,36.1,,77.84,42.75,L0086-01
CMP00342,PRD0086,FOR015,NACIONAL,2025-05-16,,2025-05-29,2025-05-31,60,60,BRL,35.09,,98.03,69.23,L0086-02
CMP00343,PRD0086,FOR015,NACIONAL,2025-10-02,,2025-10-19,2025-10-24,62,62,BRL,33.94,,44.34,60.33,L0086-03
CMP00344,PRD0086,FOR015,NACIONAL,2026-02-12,,2026-02-28,2026-03-02,132,132,BRL,35.75,,159.71,249.03,L0086-04
CMP00345,PRD0087,FOR016,NACIONAL,2025-01-06,,2025-01-28,2025-01-29,57,57,BRL,24.27,,30.48,28.47,L0087-01
CMP00346,PRD0087,FOR016,NACIONAL,2025-05-21,,2025-05-29,2025-06-03,48,48,BRL,24.19,,61.49,44.51,L0087-02
CMP00347,PRD0087,FOR016,NACIONAL,2025-10-17,,2025-10-25,2025-10-26,54,54,BRL,24.59,,77.48,57.85,L0087-03
CMP00348,PRD0087,FOR016,NACIONAL,2026-02-26,,2026-03-22,2026-03-26,115,115,BRL,24.96,,125.52,89.85,L0087-04
CMP00349,PRD0088,FOR017,NACIONAL,2025-01-08,,2025-01-19,2025-01-23,43,43,BRL,25.26,,46.3,48.18,L0088-01
CMP00350,PRD0088,FOR017,NACIONAL,2025-05-21,,2025-06-05,2025-06-09,42,42,BRL,25.38,,58.12,25.3,L0088-02
CMP00351,PRD0088,FOR017,NACIONAL,2025-10-11,,2025-10-22,2025-10-26,42,42,BRL,25.07,,41.66,28.23,L0088-03
CMP00352,PRD0088,FOR017,NACIONAL,2026-03-02,,2026-03-16,2026-03-15,100,100,BRL,23.86,,111.04,122.1,L0088-04
CMP00353,PRD0089,FOR018,NACIONAL,2025-01-15,,2025-01-27,2025-01-31,54,54,BRL,44.12,,150.51,123.99,L0089-01
CMP00354,PRD0089,FOR018,NACIONAL,2025-05-26,,2025-06-02,2025-06-01,46,46,BRL,43.05,,132.64,133.45,L0089-02
CMP00355,PRD0089,FOR018,NACIONAL,2025-10-13,,2025-10-27,2025-10-31,45,45,BRL,45.45,,69.0,42.38,L0089-03
CMP00356,PRD0089,FOR018,NACIONAL,2026-02-22,,2026-03-13,2026-03-12,109,109,BRL,40.97,,182.82,189.95,L0089-04
CMP00357,PRD0090,FOR019,NACIONAL,2025-01-16,,2025-02-01,2025-02-04,69,69,BRL,27.78,,131.12,61.9,L0090-01
CMP00358,PRD0090,FOR019,NACIONAL,2025-05-24,,2025-06-09,2025-06-10,65,65,BRL,26.88,,115.3,103.07,L0090-02
CMP00359,PRD0090,FOR019,NACIONAL,2025-10-04,,2025-10-11,2025-10-12,71,71,BRL,25.43,,75.9,61.81,L0090-03
CMP00360,PRD0090,FOR019,NACIONAL,2026-02-15,,2026-03-08,2026-03-08,149,149,BRL,25.62,,182.45,183.23,L0090-04
CMP00361,PRD0091,FOR020,NACIONAL,2025-01-06,,2025-01-21,2025-01-20,38,38,BRL,46.07,,43.12,55.82,L0091-01
CMP00362,PRD0091,FOR020,NACIONAL,2025-05-26,,2025-06-02,2025-06-01,44,44,BRL,47.59,,151.21,109.35,L0091-02
CMP00363,PRD0091,FOR020,NACIONAL,2025-10-07,,2025-10-25,2025-10-28,42,42,BRL,46.53,,58.89,94.67,L0091-03
CMP00364,PRD0091,FOR020,NACIONAL,2026-03-02,,2026-03-13,2026-03-18,84,84,BRL,42.92,,85.11,162.2,L0091-04
CMP00365,PRD0092,FOR021,NACIONAL,2025-01-12,,2025-01-24,2025-01-28,58,58,BRL,27.99,,128.11,85.86,L0092-01
CMP00366,PRD0092,FOR021,NACIONAL,2025-05-26,,2025-06-07,2025-06-05,49,49,BRL,28.97,,88.7,55.3,L0092-02
CMP00367,PRD0092,FOR021,NACIONAL,2025-10-06,,2025-10-17,2025-10-16,57,57,BRL,27.48,,49.41,80.11,L0092-03
CMP00368,PRD0092,FOR021,NACIONAL,2026-02-22,,2026-03-13,2026-03-17,111,111,BRL,27.53,,225.36,159.51,L0092-04
CMP00369,PRD0093,FOR022,NACIONAL,2025-01-02,,2025-01-25,2025-01-29,51,51,BRL,33.35,,38.33,80.88,L0093-01
CMP00370,PRD0093,FOR022,NACIONAL,2025-06-04,,2025-06-27,2025-06-26,46,46,BRL,31.69,,98.05,42.39,L0093-02
CMP00371,PRD0093,FOR022,NACIONAL,2025-10-09,,2025-10-17,2025-10-21,50,50,BRL,34.21,,72.11,73.82,L0093-03
CMP00372,PRD0093,FOR022,NACIONAL,2026-03-01,,2026-03-08,2026-03-08,109,109,BRL,34.1,,105.85,194.09,L0093-04
CMP00373,PRD0094,FOR023,NACIONAL,2025-01-13,,2025-01-22,2025-01-23,42,42,BRL,29.94,,87.9,41.01,L0094-01
CMP00374,PRD0094,FOR023,NACIONAL,2025-05-31,,2025-06-11,2025-06-11,42,42,BRL,30.82,,46.76,38.38,L0094-02
CMP00375,PRD0094,FOR023,NACIONAL,2025-10-04,,2025-10-28,2025-10-31,42,42,BRL,32.41,,63.66,80.57,L0094-03
CMP00376,PRD0094,FOR023,NACIONAL,2026-02-14,,2026-02-26,2026-03-01,84,84,BRL,31.22,,195.8,124.86,L0094-04
CMP00377,PRD0095,FOR024,NACIONAL,2025-01-09,,2025-01-17,2025-01-18,63,63,BRL,20.14,,89.55,44.85,L0095-01
CMP00378,PRD0095,FOR024,NACIONAL,2025-05-29,,2025-06-08,2025-06-08,56,56,BRL,20.99,,63.88,25.31,L0095-02
CMP00379,PRD0095,FOR024,NACIONAL,2025-10-10,,2025-11-02,2025-11-04,53,53,BRL,20.83,,83.12,57.18,L0095-03
CMP00380,PRD0095,FOR024,NACIONAL,2026-03-02,,2026-03-22,2026-03-21,132,132,BRL,19.44,,166.29,158.79,L0095-04
CMP00381,PRD0096,FOR001,NACIONAL,2025-01-16,,2025-01-31,2025-02-02,41,41,BRL,24.74,,32.77,30.08,L0096-01
CMP00382,PRD0096,FOR001,NACIONAL,2025-05-31,,2025-06-08,2025-06-13,40,40,BRL,24.61,,45.17,35.38,L0096-02
CMP00383,PRD0096,FOR001,NACIONAL,2025-09-29,,2025-10-15,2025-10-14,39,39,BRL,24.34,,70.95,33.38,L0096-03
CMP00384,PRD0096,FOR001,NACIONAL,2026-02-13,,2026-02-26,2026-02-26,77,77,BRL,25.31,,147.0,108.27,L0096-04
CMP00385,PRD0097,FOR002,NACIONAL,2025-01-19,,2025-02-05,2025-02-04,38,38,BRL,27.66,,24.16,29.64,L0097-01
CMP00386,PRD0097,FOR002,NACIONAL,2025-06-05,,2025-06-28,2025-07-01,38,38,BRL,27.79,,69.14,71.9,L0097-02
CMP00387,PRD0097,FOR002,NACIONAL,2025-09-29,,2025-10-24,2025-10-28,38,38,BRL,28.48,,77.18,45.68,L0097-03
CMP00388,PRD0097,FOR002,NACIONAL,2026-02-23,,2026-03-05,2026-03-09,86,86,BRL,26.96,,143.47,132.04,L0097-04
CMP00389,PRD0098,FOR003,NACIONAL,2025-01-02,,2025-01-22,2025-01-27,48,48,BRL,34.38,,88.8,66.32,L0098-01
CMP00390,PRD0098,FOR003,NACIONAL,2025-05-17,,2025-06-06,2025-06-10,51,51,BRL,32.94,,63.99,120.38,L0098-02
CMP00391,PRD0098,FOR003,NACIONAL,2025-09-28,,2025-10-23,2025-10-23,47,47,BRL,35.99,,77.79,82.17,L0098-03
CMP00392,PRD0098,FOR003,NACIONAL,2026-02-13,,2026-03-06,2026-03-09,113,113,BRL,32.81,,138.62,126.38,L0098-04
CMP00393,PRD0099,FOR004,NACIONAL,2025-01-21,,2025-02-02,2025-02-04,49,49,BRL,30.43,,84.12,89.39,L0099-01
CMP00394,PRD0099,FOR004,NACIONAL,2025-05-24,,2025-06-12,2025-06-12,44,44,BRL,30.75,,71.09,46.91,L0099-02
CMP00395,PRD0099,FOR004,NACIONAL,2025-09-28,,2025-10-18,2025-10-18,43,43,BRL,31.59,,81.09,35.78,L0099-03
CMP00396,PRD0099,FOR004,NACIONAL,2026-02-20,,2026-03-01,2026-03-05,96,96,BRL,31.85,,185.76,102.97,L0099-04
CMP00397,PRD0100,FOR005,NACIONAL,2025-01-04,,2025-01-11,2025-01-16,43,43,BRL,28.28,,41.43,71.43,L0100-01
CMP00398,PRD0100,FOR005,NACIONAL,2025-06-03,,2025-06-17,2025-06-22,42,42,BRL,30.03,,58.23,78.49,L0100-02
CMP00399,PRD0100,FOR005,NACIONAL,2025-10-03,,2025-10-15,2025-10-19,40,40,BRL,29.34,,32.0,26.75,L0100-03
CMP00400,PRD0100,FOR005,NACIONAL,2026-02-13,,2026-03-07,2026-03-10,98,98,BRL,29.62,,174.89,64.59,L0100-04
CMP00401,PRD0101,FOR006,NACIONAL,2025-01-12,,2025-01-31,2025-01-30,34,34,BRL,40.73,,95.5,66.49,L0101-01
CMP00402,PRD0101,FOR006,NACIONAL,2025-05-31,,2025-06-07,2025-06-09,38,38,BRL,40.98,,42.86,35.74,L0101-02
CMP00403,PRD0101,FOR006,NACIONAL,2025-10-04,,2025-10-25,2025-10-23,40,40,BRL,39.14,,40.86,33.39,L0101-03
CMP00404,PRD0101,FOR006,NACIONAL,2026-02-19,,2026-03-09,2026-03-07,79,79,BRL,37.71,,244.8,107.61,L0101-04
CMP00405,PRD0102,FOR007,NACIONAL,2025-01-18,,2025-01-31,2025-02-01,40,40,BRL,38.52,,79.61,44.66,L0102-01
CMP00406,PRD0102,FOR007,NACIONAL,2025-05-31,,2025-06-14,2025-06-17,37,37,BRL,36.41,,99.31,46.42,L0102-02
CMP00407,PRD0102,FOR007,NACIONAL,2025-09-30,,2025-10-22,2025-10-23,37,37,BRL,38.54,,102.05,51.84,L0102-03
CMP00408,PRD0102,FOR007,NACIONAL,2026-02-16,,2026-02-28,2026-02-28,88,88,BRL,38.08,,177.31,225.47,L0102-04
CMP00409,PRD0103,FOR008,NACIONAL,2025-01-19,,2025-01-29,2025-01-30,47,47,BRL,42.55,,86.75,94.74,L0103-01
CMP00410,PRD0103,FOR008,NACIONAL,2025-05-16,,2025-06-07,2025-06-11,40,40,BRL,41.22,,101.83,78.92,L0103-02
CMP00411,PRD0103,FOR008,NACIONAL,2025-10-04,,2025-10-20,2025-10-24,41,41,BRL,40.42,,127.27,75.1,L0103-03
CMP00412,PRD0103,FOR008,NACIONAL,2026-02-14,,2026-02-26,2026-02-24,96,96,BRL,39.46,,266.16,280.22,L0103-04
CMP00413,PRD0104,FOR009,NACIONAL,2025-01-15,,2025-01-22,2025-01-25,48,48,BRL,33.3,,107.89,84.02,L0104-01
CMP00414,PRD0104,FOR009,NACIONAL,2025-06-05,,2025-06-16,2025-06-20,50,50,BRL,32.45,,49.19,45.82,L0104-02
CMP00415,PRD0104,FOR009,NACIONAL,2025-10-08,,2025-10-29,2025-11-02,44,44,BRL,33.63,,59.36,97.12,L0104-03
CMP00416,PRD0104,FOR009,NACIONAL,2026-02-25,,2026-03-07,2026-03-12,105,105,BRL,34.11,,215.5,206.44,L0104-04
CMP00417,PRD0105,FOR010,NACIONAL,2025-01-02,,2025-01-27,2025-01-31,42,42,BRL,30.54,,63.32,26.26,L0105-01
CMP00418,PRD0105,FOR010,NACIONAL,2025-06-05,,2025-06-15,2025-06-17,45,45,BRL,31.15,,96.85,37.96,L0105-02
CMP00419,PRD0105,FOR010,NACIONAL,2025-10-15,,2025-10-30,2025-10-30,43,43,BRL,30.7,,65.75,40.95,L0105-03
CMP00420,PRD0105,FOR010,NACIONAL,2026-02-13,,2026-02-23,2026-02-26,92,92,BRL,28.72,,206.72,137.4,L0105-04
CMP00421,PRD0106,FOR011,NACIONAL,2025-01-21,,2025-02-07,2025-02-08,42,42,BRL,30.76,,97.97,52.68,L0106-01
CMP00422,PRD0106,FOR011,NACIONAL,2025-05-25,,2025-06-08,2025-06-12,46,46,BRL,31.19,,94.29,37.04,L0106-02
CMP00423,PRD0106,FOR011,NACIONAL,2025-10-14,,2025-11-02,2025-11-02,48,48,BRL,30.39,,59.64,74.34,L0106-03
CMP00424,PRD0106,FOR011,NACIONAL,2026-02-26,,2026-03-19,2026-03-19,88,88,BRL,29.86,,188.26,115.51,L0106-04
CMP00425,PRD0107,FOR012,NACIONAL,2025-01-16,,2025-01-24,2025-01-23,36,36,BRL,38.56,,74.01,43.32,L0107-01
CMP00426,PRD0107,FOR012,NACIONAL,2025-05-31,,2025-06-21,2025-06-20,32,32,BRL,40.21,,32.59,40.31,L0107-02
CMP00427,PRD0107,FOR012,NACIONAL,2025-10-15,,2025-11-03,2025-11-04,33,33,BRL,37.11,,50.32,31.92,L0107-03
CMP00428,PRD0107,FOR012,NACIONAL,2026-02-21,,2026-03-04,2026-03-03,75,75,BRL,37.98,,120.58,58.64,L0107-04
CMP00429,PRD0108,FOR013,NACIONAL,2025-01-20,,2025-02-02,2025-02-07,42,42,BRL,41.9,,114.75,107.7,L0108-01
CMP00430,PRD0108,FOR013,NACIONAL,2025-05-25,,2025-06-07,2025-06-12,49,49,BRL,40.55,,103.72,63.11,L0108-02
CMP00431,PRD0108,FOR013,NACIONAL,2025-10-05,,2025-10-28,2025-11-02,43,43,BRL,43.87,,80.16,111.41,L0108-03
CMP00432,PRD0108,FOR013,NACIONAL,2026-02-12,,2026-02-28,2026-03-03,98,98,BRL,44.79,,161.23,208.88,L0108-04
CMP00433,PRD0109,FOR014,NACIONAL,2025-01-02,,2025-01-22,2025-01-23,45,45,BRL,36.21,,103.2,39.84,L0109-01
CMP00434,PRD0109,FOR014,NACIONAL,2025-06-01,,2025-06-26,2025-07-01,41,41,BRL,33.55,,45.15,57.52,L0109-02
CMP00435,PRD0109,FOR014,NACIONAL,2025-10-06,,2025-10-29,2025-11-01,43,43,BRL,35.99,,49.68,49.87,L0109-03
CMP00436,PRD0109,FOR014,NACIONAL,2026-03-02,,2026-03-14,2026-03-14,79,79,BRL,34.26,,130.45,74.6,L0109-04
CMP00437,PRD0110,FOR015,NACIONAL,2025-01-08,,2025-01-16,2025-01-19,33,33,BRL,32.94,,30.25,43.65,L0110-01
CMP00438,PRD0110,FOR015,NACIONAL,2025-05-16,,2025-05-31,2025-05-31,35,35,BRL,30.71,,41.37,77.97,L0110-02
CMP00439,PRD0110,FOR015,NACIONAL,2025-10-17,,2025-11-08,2025-11-07,36,36,BRL,31.58,,59.45,32.73,L0110-03
CMP00440,PRD0110,FOR015,NACIONAL,2026-03-01,,2026-03-17,2026-03-22,75,75,BRL,30.66,,86.95,135.84,L0110-04
CMP00441,PRD0111,FOR016,NACIONAL,2025-01-14,,2025-02-06,2025-02-05,45,45,BRL,36.18,,76.98,88.14,L0111-01
CMP00442,PRD0111,FOR016,NACIONAL,2025-05-27,,2025-06-09,2025-06-11,41,41,BRL,33.26,,48.52,75.55,L0111-02
CMP00443,PRD0111,FOR016,NACIONAL,2025-10-16,,2025-11-10,2025-11-09,37,37,BRL,36.63,,65.31,47.22,L0111-03
CMP00444,PRD0111,FOR016,NACIONAL,2026-02-27,,2026-03-10,2026-03-11,81,81,BRL,34.84,,221.35,118.51,L0111-04
CMP00445,PRD0112,FOR017,NACIONAL,2025-01-15,,2025-01-28,2025-01-30,52,52,BRL,40.27,,56.49,153.19,L0112-01
CMP00446,PRD0112,FOR017,NACIONAL,2025-05-27,,2025-06-03,2025-06-01,48,48,BRL,40.43,,47.47,87.67,L0112-02
CMP00447,PRD0112,FOR017,NACIONAL,2025-10-10,,2025-10-23,2025-10-22,55,55,BRL,42.56,,93.51,160.21,L0112-03
CMP00448,PRD0112,FOR017,NACIONAL,2026-02-13,,2026-02-26,2026-03-02,98,98,BRL,44.32,,88.5,190.18,L0112-04
CMP00449,PRD0113,FOR018,NACIONAL,2025-01-19,,2025-01-30,2025-01-28,41,41,BRL,42.42,,62.73,91.45,L0113-01
CMP00450,PRD0113,FOR018,NACIONAL,2025-05-22,,2025-06-16,2025-06-15,36,36,BRL,40.8,,45.84,30.98,L0113-02
CMP00451,PRD0113,FOR018,NACIONAL,2025-10-02,,2025-10-25,2025-10-29,43,43,BRL,44.27,,63.62,109.46,L0113-03
CMP00452,PRD0113,FOR018,NACIONAL,2026-02-25,,2026-03-19,2026-03-18,86,86,BRL,41.1,,178.81,174.4,L0113-04
CMP00453,PRD0114,FOR019,NACIONAL,2025-01-02,,2025-01-22,2025-01-25,39,39,BRL,19.96,,42.58,52.36,L0114-01
CMP00454,PRD0114,FOR019,NACIONAL,2025-05-21,,2025-06-01,2025-06-06,45,45,BRL,21.0,,49.34,37.8,L0114-02
CMP00455,PRD0114,FOR019,NACIONAL,2025-10-05,,2025-10-12,2025-10-17,43,43,BRL,19.06,,29.19,31.55,L0114-03
CMP00456,PRD0114,FOR019,NACIONAL,2026-02-19,,2026-03-16,2026-03-20,90,90,BRL,21.4,,59.09,56.83,L0114-04
CMP00457,PRD0115,FOR020,NACIONAL,2025-01-10,,2025-02-01,2025-02-04,32,32,BRL,32.52,,71.98,72.77,L0115-01
CMP00458,PRD0115,FOR020,NACIONAL,2025-05-30,,2025-06-13,2025-06-17,30,30,BRL,32.43,,70.78,25.93,L0115-02
CMP00459,PRD0115,FOR020,NACIONAL,2025-10-04,,2025-10-20,2025-10-20,36,36,BRL,34.08,,31.83,45.16,L0115-03
CMP00460,PRD0115,FOR020,NACIONAL,2026-02-20,,2026-03-17,2026-03-22,73,73,BRL,34.0,,52.02,109.45,L0115-04
CMP00461,PRD0116,FOR021,NACIONAL,2025-01-17,,2025-02-10,2025-02-14,37,37,BRL,35.56,,68.91,54.72,L0116-01
CMP00462,PRD0116,FOR021,NACIONAL,2025-05-19,,2025-05-31,2025-05-31,43,43,BRL,33.99,,92.42,103.33,L0116-02
CMP00463,PRD0116,FOR021,NACIONAL,2025-10-18,,2025-11-05,2025-11-06,36,36,BRL,37.4,,35.89,62.9,L0116-03
CMP00464,PRD0116,FOR021,NACIONAL,2026-02-10,,2026-02-22,2026-02-26,86,86,BRL,37.33,,197.89,160.45,L0116-04
CMP00465,PRD0117,FOR022,NACIONAL,2025-01-12,,2025-01-23,2025-01-27,38,38,BRL,38.09,,63.93,44.4,L0117-01
CMP00466,PRD0117,FOR022,NACIONAL,2025-06-04,,2025-06-11,2025-06-12,43,43,BRL,41.9,,121.49,97.3,L0117-02
CMP00467,PRD0117,FOR022,NACIONAL,2025-09-29,,2025-10-21,2025-10-21,39,39,BRL,39.46,,39.31,54.14,L0117-03
CMP00468,PRD0117,FOR022,NACIONAL,2026-02-28,,2026-03-12,2026-03-13,75,75,BRL,42.52,,207.59,109.98,L0117-04
CMP00469,PRD0118,FOR023,NACIONAL,2025-01-05,,2025-01-23,2025-01-24,38,38,BRL,28.4,,83.72,54.71,L0118-01
CMP00470,PRD0118,FOR023,NACIONAL,2025-06-02,,2025-06-26,2025-06-26,35,35,BRL,26.18,,65.16,28.93,L0118-02
CMP00471,PRD0118,FOR023,NACIONAL,2025-10-10,,2025-10-31,2025-11-03,35,35,BRL,28.38,,23.44,25.31,L0118-03
CMP00472,PRD0118,FOR023,NACIONAL,2026-02-22,,2026-03-14,2026-03-13,65,65,BRL,26.45,,77.26,42.26,L0118-04
CMP00473,PRD0119,FOR024,NACIONAL,2025-01-10,,2025-01-29,2025-02-02,49,49,BRL,29.02,,61.86,83.77,L0119-01
CMP00474,PRD0119,FOR024,NACIONAL,2025-05-25,,2025-06-05,2025-06-08,51,51,BRL,31.11,,50.63,46.48,L0119-02
CMP00475,PRD0119,FOR024,NACIONAL,2025-10-14,,2025-10-26,2025-10-30,50,50,BRL,30.57,,58.89,64.55,L0119-03
CMP00476,PRD0119,FOR024,NACIONAL,2026-02-27,,2026-03-16,2026-03-15,94,94,BRL,32.0,,168.17,114.96,L0119-04
CMP00477,PRD0120,FOR001,NACIONAL,2025-01-18,,2025-02-08,2025-02-13,25,25,BRL,31.02,,16.11,38.83,L0120-01
CMP00478,PRD0120,FOR001,NACIONAL,2025-06-03,,2025-06-27,2025-06-30,22,22,BRL,30.45,,33.19,33.82,L0120-02
CMP00479,PRD0120,FOR001,NACIONAL,2025-10-13,,2025-10-22,2025-10-25,22,22,BRL,31.1,,54.94,33.84,L0120-03
CMP00480,PRD0120,FOR001,NACIONAL,2026-02-10,,2026-02-18,2026-02-16,48,48,BRL,31.26,,106.02,63.47,L0120-04
CMP00481,PRD0121,FOR002,NACIONAL,2025-01-18,,2025-01-28,2025-01-30,33,33,BRL,20.88,,38.02,43.13,L0121-01
CMP00482,PRD0121,FOR002,NACIONAL,2025-05-29,,2025-06-18,2025-06-18,34,34,BRL,20.47,,32.04,23.22,L0121-02
CMP00483,PRD0121,FOR002,NACIONAL,2025-09-29,,2025-10-16,2025-10-15,34,34,BRL,20.93,,32.06,37.11,L0121-03
CMP00484,PRD0121,FOR002,NACIONAL,2026-02-27,,2026-03-11,2026-03-11,73,73,BRL,20.93,,96.66,33.0,L0121-04
CMP00485,PRD0122,FOR003,NACIONAL,2025-01-07,,2025-01-23,2025-01-25,34,34,BRL,43.68,,53.74,35.22,L0122-01
CMP00486,PRD0122,FOR003,NACIONAL,2025-06-01,,2025-06-21,2025-06-21,39,39,BRL,43.9,,92.13,88.36,L0122-02
CMP00487,PRD0122,FOR003,NACIONAL,2025-10-13,,2025-10-28,2025-10-31,39,39,BRL,43.85,,124.25,32.93,L0122-03
CMP00488,PRD0122,FOR003,NACIONAL,2026-02-27,,2026-03-11,2026-03-12,77,77,BRL,40.52,,231.01,212.69,L0122-04
CMP00489,PRD0123,FOR004,NACIONAL,2025-01-13,,2025-02-02,2025-02-07,33,33,BRL,31.9,,45.12,64.6,L0123-01
CMP00490,PRD0123,FOR004,NACIONAL,2025-05-31,,2025-06-09,2025-06-13,37,37,BRL,30.11,,64.54,24.72,L0123-02
CMP00491,PRD0123,FOR004,NACIONAL,2025-10-01,,2025-10-16,2025-10-17,34,34,BRL,31.26,,79.24,25.65,L0123-03
CMP00492,PRD0123,FOR004,NACIONAL,2026-02-23,,2026-03-06,2026-03-06,67,67,BRL,32.61,,153.39,64.41,L0123-04
CMP00493,PRD0124,FOR005,NACIONAL,2025-01-17,,2025-02-03,2025-02-01,43,43,BRL,23.07,,72.75,40.01,L0124-01
CMP00494,PRD0124,FOR005,NACIONAL,2025-06-01,,2025-06-15,2025-06-14,42,42,BRL,24.01,,48.5,26.11,L0124-02
CMP00495,PRD0124,FOR005,NACIONAL,2025-10-14,,2025-10-23,2025-10-28,41,41,BRL,24.93,,20.9,41.21,L0124-03
CMP00496,PRD0124,FOR005,NACIONAL,2026-02-21,,2026-03-08,2026-03-10,88,88,BRL,23.84,,48.28,45.9,L0124-04
CMP00497,PRD0125,FOR006,NACIONAL,2025-01-18,,2025-01-26,2025-01-24,41,41,BRL,34.11,,105.58,74.38,L0125-01
CMP00498,PRD0125,FOR006,NACIONAL,2025-05-21,,2025-06-04,2025-06-08,39,39,BRL,33.66,,65.71,79.45,L0125-02
CMP00499,PRD0125,FOR006,NACIONAL,2025-10-01,,2025-10-25,2025-10-29,37,37,BRL,36.47,,61.84,73.71,L0125-03
CMP00500,PRD0125,FOR006,NACIONAL,2026-02-11,,2026-02-18,2026-02-21,77,77,BRL,32.74,,196.15,121.58,L0125-04
CMP00501,PRD0126,FOR007,NACIONAL,2025-01-08,,2025-01-23,2025-01-22,35,35,BRL,30.42,,68.53,72.83,L0126-01
CMP00502,PRD0126,FOR007,NACIONAL,2025-05-18,,2025-05-29,2025-06-01,36,36,BRL,31.86,,46.31,48.72,L0126-02
CMP00503,PRD0126,FOR007,NACIONAL,2025-10-05,,2025-10-12,2025-10-15,40,40,BRL,32.5,,43.02,72.58,L0126-03
CMP00504,PRD0126,FOR007,NACIONAL,2026-02-25,,2026-03-16,2026-03-21,79,79,BRL,32.71,,74.66,123.62,L0126-04
CMP00505,PRD0127,FOR008,NACIONAL,2025-01-17,,2025-02-10,2025-02-14,30,30,BRL,30.64,,29.32,29.35,L0127-01
CMP00506,PRD0127,FOR008,NACIONAL,2025-05-18,,2025-06-04,2025-06-08,32,32,BRL,33.42,,41.02,58.27,L0127-02
CMP00507,PRD0127,FOR008,NACIONAL,2025-10-12,,2025-10-22,2025-10-25,27,27,BRL,32.96,,30.77,26.38,L0127-03
CMP00508,PRD0127,FOR008,NACIONAL,2026-02-20,,2026-03-09,2026-03-11,60,60,BRL,30.81,,134.27,54.63,L0127-04
CMP00509,PRD0128,FOR009,NACIONAL,2025-01-19,,2025-02-07,2025-02-07,35,35,BRL,31.25,,49.29,68.41,L0128-01
CMP00510,PRD0128,FOR009,NACIONAL,2025-05-18,,2025-06-07,2025-06-05,38,38,BRL,30.8,,71.9,75.33,L0128-02
CMP00511,PRD0128,FOR009,NACIONAL,2025-10-10,,2025-10-18,2025-10-21,39,39,BRL,30.15,,33.76,76.45,L0128-03
CMP00512,PRD0128,FOR009,NACIONAL,2026-02-23,,2026-03-11,2026-03-12,75,75,BRL,29.88,,155.47,91.89,L0128-04
CMP00513,PRD0129,FOR010,NACIONAL,2025-01-11,,2025-01-31,2025-01-29,39,39,BRL,34.68,,41.34,75.89,L0129-01
CMP00514,PRD0129,FOR010,NACIONAL,2025-06-02,,2025-06-23,2025-06-22,39,39,BRL,34.05,,58.4,41.98,L0129-02
CMP00515,PRD0129,FOR010,NACIONAL,2025-10-07,,2025-10-20,2025-10-23,47,47,BRL,33.9,,128.05,46.23,L0129-03
CMP00516,PRD0129,FOR010,NACIONAL,2026-03-02,,2026-03-14,2026-03-18,94,94,BRL,35.63,,86.16,121.17,L0129-04
CMP00517,PRD0130,FOR011,NACIONAL,2025-01-13,,2025-02-03,2025-02-01,28,28,BRL,34.02,,44.45,21.23,L0130-01
CMP00518,PRD0130,FOR011,NACIONAL,2025-05-27,,2025-06-07,2025-06-09,33,33,BRL,36.46,,87.2,49.74,L0130-02
CMP00519,PRD0130,FOR011,NACIONAL,2025-10-18,,2025-11-12,2025-11-16,29,29,BRL,33.84,,40.78,53.34,L0130-03
CMP00520,PRD0130,FOR011,NACIONAL,2026-02-23,,2026-03-18,2026-03-21,63,63,BRL,36.47,,49.92,66.25,L0130-04
CMP00521,PRD0131,FOR012,NACIONAL,2025-01-05,,2025-01-14,2025-01-13,35,35,BRL,25.54,,25.39,26.23,L0131-01
CMP00522,PRD0131,FOR012,NACIONAL,2025-06-03,,2025-06-16,2025-06-15,35,35,BRL,24.93,,57.75,52.41,L0131-02
CMP00523,PRD0131,FOR012,NACIONAL,2025-10-13,,2025-10-20,2025-10-19,33,33,BRL,26.25,,21.68,56.61,L0131-03
CMP00524,PRD0131,FOR012,NACIONAL,2026-02-10,,2026-02-25,2026-03-02,67,67,BRL,25.93,,134.22,66.68,L0131-04
CMP00525,PRD0132,FOR013,NACIONAL,2025-01-11,,2025-01-29,2025-02-02,21,21,BRL,34.53,,24.91,49.71,L0132-01
CMP00526,PRD0132,FOR013,NACIONAL,2025-05-20,,2025-06-10,2025-06-10,26,26,BRL,37.07,,35.05,53.97,L0132-02
CMP00527,PRD0132,FOR013,NACIONAL,2025-10-11,,2025-11-03,2025-11-02,25,25,BRL,34.51,,68.99,44.39,L0132-03
CMP00528,PRD0132,FOR013,NACIONAL,2026-02-26,,2026-03-23,2026-03-21,46,46,BRL,33.87,,110.02,94.62,L0132-04
CMP00529,PRD0133,FOR014,NACIONAL,2025-01-18,,2025-01-31,2025-02-03,38,38,BRL,22.84,,45.49,35.15,L0133-01
CMP00530,PRD0133,FOR014,NACIONAL,2025-05-25,,2025-06-13,2025-06-15,39,39,BRL,22.63,,30.45,32.45,L0133-02
CMP00531,PRD0133,FOR014,NACIONAL,2025-10-11,,2025-10-20,2025-10-25,41,41,BRL,21.44,,42.58,46.26,L0133-03
CMP00532,PRD0133,FOR014,NACIONAL,2026-02-10,,2026-02-27,2026-03-04,88,88,BRL,20.92,,68.97,47.8,L0133-04
CMP00533,PRD0134,FOR015,NACIONAL,2025-01-09,,2025-01-18,2025-01-20,31,31,BRL,21.45,,28.57,40.04,L0134-01
CMP00534,PRD0134,FOR015,NACIONAL,2025-05-26,,2025-06-11,2025-06-10,30,30,BRL,22.42,,42.76,14.72,L0134-02
CMP00535,PRD0134,FOR015,NACIONAL,2025-10-04,,2025-10-18,2025-10-16,33,33,BRL,21.38,,33.9,23.95,L0134-03
CMP00536,PRD0134,FOR015,NACIONAL,2026-02-18,,2026-03-05,2026-03-08,56,56,BRL,22.86,,69.96,29.61,L0134-04
CMP00537,PRD0135,FOR016,NACIONAL,2025-01-02,,2025-01-18,2025-01-21,30,30,BRL,18.69,,28.99,30.67,L0135-01
CMP00538,PRD0135,FOR016,NACIONAL,2025-05-20,,2025-06-01,2025-06-04,28,28,BRL,20.18,,23.62,24.67,L0135-02
CMP00539,PRD0135,FOR016,NACIONAL,2025-09-29,,2025-10-16,2025-10-15,30,30,BRL,18.55,,40.58,20.46,L0135-03
CMP00540,PRD0135,FOR016,NACIONAL,2026-02-26,,2026-03-17,2026-03-17,65,65,BRL,18.59,,68.65,26.2,L0135-04
CMP00541,PRD0136,FOR017,NACIONAL,2025-01-03,,2025-01-26,2025-01-25,23,23,BRL,43.1,,55.61,58.95,L0136-01
CMP00542,PRD0136,FOR017,NACIONAL,2025-06-04,,2025-06-14,2025-06-12,23,23,BRL,40.31,,61.17,26.82,L0136-02
CMP00543,PRD0136,FOR017,NACIONAL,2025-10-05,,2025-10-13,2025-10-13,25,25,BRL,40.1,,41.57,37.6,L0136-03
CMP00544,PRD0136,FOR017,NACIONAL,2026-02-14,,2026-02-27,2026-03-02,46,46,BRL,40.44,,79.06,96.0,L0136-04
CMP00545,PRD0137,FOR018,NACIONAL,2025-01-07,,2025-01-16,2025-01-21,27,27,BRL,26.03,,32.37,16.87,L0137-01
CMP00546,PRD0137,FOR018,NACIONAL,2025-05-25,,2025-06-10,2025-06-09,29,29,BRL,25.59,,51.23,22.91,L0137-02
CMP00547,PRD0137,FOR018,NACIONAL,2025-10-01,,2025-10-24,2025-10-23,30,30,BRL,25.36,,40.49,37.05,L0137-03
CMP00548,PRD0137,FOR018,NACIONAL,2026-02-18,,2026-02-27,2026-03-04,63,63,BRL,25.89,,120.21,67.69,L0137-04
CMP00549,PRD0138,FOR019,NACIONAL,2025-01-20,,2025-02-02,2025-02-05,25,25,BRL,25.96,,32.42,35.29,L0138-01
CMP00550,PRD0138,FOR019,NACIONAL,2025-05-16,,2025-05-31,2025-06-03,27,27,BRL,24.06,,19.48,23.72,L0138-02
CMP00551,PRD0138,FOR019,NACIONAL,2025-09-29,,2025-10-16,2025-10-20,28,28,BRL,23.97,,33.09,38.14,L0138-03
CMP00552,PRD0138,FOR019,NACIONAL,2026-03-01,,2026-03-22,2026-03-20,58,58,BRL,25.86,,82.12,91.7,L0138-04
CMP00553,PRD0139,FOR020,NACIONAL,2025-01-17,,2025-02-04,2025-02-06,26,26,BRL,37.67,,41.67,39.66,L0139-01
CMP00554,PRD0139,FOR020,NACIONAL,2025-05-19,,2025-05-28,2025-05-29,26,26,BRL,39.66,,67.56,52.9,L0139-02
CMP00555,PRD0139,FOR020,NACIONAL,2025-10-07,,2025-10-18,2025-10-17,26,26,BRL,41.02,,32.31,51.64,L0139-03
CMP00556,PRD0139,FOR020,NACIONAL,2026-02-22,,2026-03-12,2026-03-11,56,56,BRL,37.52,,158.12,78.33,L0139-04
CMP00557,PRD0140,FOR021,NACIONAL,2025-01-18,,2025-01-31,2025-02-01,28,28,BRL,33.02,,33.88,36.88,L0140-01
CMP00558,PRD0140,FOR021,NACIONAL,2025-05-28,,2025-06-07,2025-06-06,32,32,BRL,33.96,,47.23,30.63,L0140-02
CMP00559,PRD0140,FOR021,NACIONAL,2025-10-14,,2025-11-06,2025-11-07,28,28,BRL,31.6,,33.4,45.75,L0140-03
CMP00560,PRD0140,FOR021,NACIONAL,2026-02-17,,2026-03-03,2026-03-07,56,56,BRL,32.54,,43.57,55.48,L0140-04
CMP00561,PRD0141,FOR022,NACIONAL,2025-01-02,,2025-01-14,2025-01-13,20,20,BRL,12.25,,7.9,13.44,L0141-01
CMP00562,PRD0141,FOR022,NACIONAL,2025-05-16,,2025-06-02,2025-06-01,23,23,BRL,11.39,,9.73,5.74,L0141-02
CMP00563,PRD0141,FOR022,NACIONAL,2025-09-29,,2025-10-15,2025-10-15,21,21,BRL,10.93,,7.62,8.95,L0141-03
CMP00564,PRD0141,FOR022,NACIONAL,2026-02-26,,2026-03-12,2026-03-11,44,44,BRL,11.83,,37.31,23.52,L0141-04
CMP00565,PRD0142,FOR023,NACIONAL,2025-01-12,,2025-02-01,2025-02-06,43,43,BRL,7.1,,6.21,15.38,L0142-01
CMP00566,PRD0142,FOR023,NACIONAL,2025-05-17,,2025-05-26,2025-05-24,37,37,BRL,6.88,,20.01,14.17,L0142-02
CMP00567,PRD0142,FOR023,NACIONAL,2025-10-17,,2025-11-03,2025-11-01,42,42,BRL,6.47,,17.76,7.93,L0142-03
CMP00568,PRD0142,FOR023,NACIONAL,2026-02-20,,2026-03-11,2026-03-11,92,92,BRL,6.84,,14.37,38.02,L0142-04
CMP00569,PRD0143,FOR024,NACIONAL,2025-01-06,,2025-01-26,2025-01-27,36,36,BRL,13.35,,26.44,22.91,L0143-01
CMP00570,PRD0143,FOR024,NACIONAL,2025-05-17,,2025-05-29,2025-05-28,41,41,BRL,13.67,,35.4,11.13,L0143-02
CMP00571,PRD0143,FOR024,NACIONAL,2025-10-03,,2025-10-16,2025-10-18,37,37,BRL,13.53,,28.97,26.14,L0143-03
CMP00572,PRD0143,FOR024,NACIONAL,2026-02-27,,2026-03-12,2026-03-11,77,77,BRL,13.59,,21.03,32.06,L0143-04
CMP00573,PRD0144,FOR001,NACIONAL,2025-01-02,,2025-01-14,2025-01-19,30,30,BRL,10.82,,21.9,8.52,L0144-01
CMP00574,PRD0144,FOR001,NACIONAL,2025-06-01,,2025-06-11,2025-06-12,29,29,BRL,10.9,,9.31,15.6,L0144-02
CMP00575,PRD0144,FOR001,NACIONAL,2025-09-28,,2025-10-10,2025-10-11,28,28,BRL,10.17,,17.94,7.44,L0144-03
CMP00576,PRD0144,FOR001,NACIONAL,2026-02-14,,2026-02-28,2026-03-03,67,67,BRL,10.27,,15.42,25.76,L0144-04
CMP00577,PRD0145,FOR002,NACIONAL,2025-01-03,,2025-01-26,2025-01-29,28,28,BRL,8.79,,8.51,6.49,L0145-01
CMP00578,PRD0145,FOR002,NACIONAL,2025-05-25,,2025-06-09,2025-06-09,23,23,BRL,8.91,,5.78,14.56,L0145-02
CMP00579,PRD0145,FOR002,NACIONAL,2025-10-12,,2025-10-30,2025-11-04,23,23,BRL,8.88,,13.69,8.15,L0145-03
CMP00580,PRD0145,FOR002,NACIONAL,2026-02-21,,2026-03-17,2026-03-16,58,58,BRL,9.6,,40.28,35.0,L0145-04
CMP00581,PRD0146,FOR003,NACIONAL,2025-01-02,,2025-01-26,2025-01-29,42,42,BRL,11.06,,13.71,15.61,L0146-01
CMP00582,PRD0146,FOR003,NACIONAL,2025-06-01,,2025-06-22,2025-06-25,39,39,BRL,11.34,,19.61,13.03,L0146-02
CMP00583,PRD0146,FOR003,NACIONAL,2025-10-04,,2025-10-13,2025-10-15,41,41,BRL,10.99,,23.91,20.96,L0146-03
CMP00584,PRD0146,FOR003,NACIONAL,2026-02-26,,2026-03-17,2026-03-18,88,88,BRL,10.52,,44.35,46.1,L0146-04
CMP00585,PRD0147,FOR004,NACIONAL,2025-01-05,,2025-01-14,2025-01-16,24,24,BRL,7.61,,4.25,4.38,L0147-01
CMP00586,PRD0147,FOR004,NACIONAL,2025-05-22,,2025-06-02,2025-06-04,22,22,BRL,7.64,,10.91,9.59,L0147-02
CMP00587,PRD0147,FOR004,NACIONAL,2025-10-06,,2025-10-13,2025-10-13,22,22,BRL,7.77,,11.16,10.1,L0147-03
CMP00588,PRD0147,FOR004,NACIONAL,2026-02-14,,2026-03-06,2026-03-06,44,44,BRL,7.45,,20.51,13.2,L0147-04
CMP00589,PRD0148,FOR005,NACIONAL,2025-01-05,,2025-01-29,2025-01-30,33,33,BRL,6.23,,9.42,10.5,L0148-01
CMP00590,PRD0148,FOR005,NACIONAL,2025-06-02,,2025-06-26,2025-06-25,32,32,BRL,6.18,,12.42,4.51,L0148-02
CMP00591,PRD0148,FOR005,NACIONAL,2025-10-09,,2025-10-31,2025-11-02,30,30,BRL,6.56,,3.98,9.91,L0148-03
CMP00592,PRD0148,FOR005,NACIONAL,2026-02-13,,2026-02-22,2026-02-22,56,56,BRL,5.98,,17.7,22.56,L0148-04
CMP00593,PRD0149,FOR006,NACIONAL,2025-01-02,,2025-01-12,2025-01-10,38,38,BRL,14.08,,39.57,34.16,L0149-01
CMP00594,PRD0149,FOR006,NACIONAL,2025-05-16,,2025-06-10,2025-06-08,39,39,BRL,15.0,,34.04,15.82,L0149-02
CMP00595,PRD0149,FOR006,NACIONAL,2025-10-01,,2025-10-11,2025-10-10,36,36,BRL,15.08,,15.96,24.92,L0149-03
CMP00596,PRD0149,FOR006,NACIONAL,2026-02-17,,2026-03-08,2026-03-08,86,86,BRL,14.54,,66.09,31.44,L0149-04
CMP00597,PRD0150,FOR007,NACIONAL,2025-01-08,,2025-01-18,2025-01-21,39,39,BRL,11.34,,16.34,14.09,L0150-01
CMP00598,PRD0150,FOR007,NACIONAL,2025-05-21,,2025-06-15,2025-06-15,44,44,BRL,11.16,,22.04,18.03,L0150-02
CMP00599,PRD0150,FOR007,NACIONAL,2025-10-10,,2025-10-18,2025-10-22,48,48,BRL,11.1,,20.36,11.64,L0150-03
CMP00600,PRD0150,FOR007,NACIONAL,2026-02-16,,2026-03-01,2026-03-01,98,98,BRL,12.06,,64.24,57.38,L0150-04
CMP00601,PRD0151,FOR008,NACIONAL,2025-01-17,,2025-01-24,2025-01-23,20,20,BRL,9.59,,4.73,9.48,L0151-01
CMP00602,PRD0151,FOR008,NACIONAL,2025-05-19,,2025-06-10,2025-06-14,20,20,BRL,10.18,,11.84,4.85,L0151-02
CMP00603,PRD0151,FOR008,NACIONAL,2025-10-03,,2025-10-16,2025-10-17,20,20,BRL,9.91,,6.6,7.96,L0151-03
CMP00604,PRD0151,FOR008,NACIONAL,2026-02-20,,2026-03-04,2026-03-06,42,42,BRL,10.29,,25.53,27.89,L0151-04
CMP00605,PRD0152,FOR009,NACIONAL,2025-01-18,,2025-02-06,2025-02-05,29,29,BRL,11.89,,28.8,8.55,L0152-01
CMP00606,PRD0152,FOR009,NACIONAL,2025-05-24,,2025-06-09,2025-06-12,27,27,BRL,12.7,,11.48,21.84,L0152-02
CMP00607,PRD0152,FOR009,NACIONAL,2025-10-18,,2025-11-12,2025-11-13,25,25,BRL,12.56,,8.55,14.98,L0152-03
CMP00608,PRD0152,FOR009,NACIONAL,2026-02-12,,2026-02-21,2026-02-26,54,54,BRL,12.94,,30.71,31.52,L0152-04
CMP00609,PRD0153,FOR010,NACIONAL,2025-01-04,,2025-01-14,2025-01-17,20,20,BRL,13.45,,12.98,10.48,L0153-01
CMP00610,PRD0153,FOR010,NACIONAL,2025-05-19,,2025-05-27,2025-05-28,20,20,BRL,13.13,,20.17,9.25,L0153-02
CMP00611,PRD0153,FOR010,NACIONAL,2025-10-18,,2025-11-10,2025-11-13,20,20,BRL,13.26,,13.84,14.47,L0153-03
CMP00612,PRD0153,FOR010,NACIONAL,2026-02-11,,2026-02-25,2026-02-28,42,42,BRL,13.44,,41.92,32.37,L0153-04
CMP00613,PRD0154,FOR011,NACIONAL,2025-01-04,,2025-01-15,2025-01-18,29,29,BRL,14.68,,27.75,26.11,L0154-01
CMP00614,PRD0154,FOR011,NACIONAL,2025-05-31,,2025-06-24,2025-06-24,30,30,BRL,14.84,,12.84,9.7,L0154-02
CMP00615,PRD0154,FOR011,NACIONAL,2025-10-03,,2025-10-26,2025-10-27,30,30,BRL,13.93,,9.85,25.51,L0154-03
CMP00616,PRD0154,FOR011,NACIONAL,2026-02-26,,2026-03-06,2026-03-11,60,60,BRL,14.68,,50.84,25.48,L0154-04
CMP00617,PRD0155,FOR012,NACIONAL,2025-01-10,,2025-01-26,2025-01-27,33,33,BRL,13.35,,18.83,10.54,L0155-01
CMP00618,PRD0155,FOR012,NACIONAL,2025-06-02,,2025-06-13,2025-06-11,33,33,BRL,12.2,,30.38,11.68,L0155-02
CMP00619,PRD0155,FOR012,NACIONAL,2025-10-05,,2025-10-30,2025-10-30,34,34,BRL,13.26,,24.06,9.53,L0155-03
CMP00620,PRD0155,FOR012,NACIONAL,2026-02-12,,2026-02-24,2026-02-24,67,67,BRL,12.21,,61.71,43.72,L0155-04
CMP00621,PRD0156,FOR013,NACIONAL,2025-01-21,,2025-02-13,2025-02-18,31,31,BRL,12.52,,28.42,18.65,L0156-01
CMP00622,PRD0156,FOR013,NACIONAL,2025-05-29,,2025-06-17,2025-06-21,27,27,BRL,12.65,,12.42,12.64,L0156-02
CMP00623,PRD0156,FOR013,NACIONAL,2025-09-28,,2025-10-06,2025-10-08,27,27,BRL,12.15,,20.33,13.15,L0156-03
CMP00624,PRD0156,FOR013,NACIONAL,2026-02-17,,2026-03-12,2026-03-13,65,65,BRL,11.64,,34.18,54.24,L0156-04
CMP00625,PRD0157,FOR014,NACIONAL,2025-01-06,,2025-01-31,2025-01-31,34,34,BRL,15.1,,15.67,10.94,L0157-01
CMP00626,PRD0157,FOR014,NACIONAL,2025-06-04,,2025-06-17,2025-06-19,34,34,BRL,15.32,,25.38,19.83,L0157-02
CMP00627,PRD0157,FOR014,NACIONAL,2025-10-01,,2025-10-17,2025-10-19,30,30,BRL,15.54,,24.66,29.44,L0157-03
CMP00628,PRD0157,FOR014,NACIONAL,2026-02-19,,2026-03-03,2026-03-01,71,71,BRL,14.64,,52.75,23.29,L0157-04
CMP00629,PRD0158,FOR015,NACIONAL,2025-01-15,,2025-01-25,2025-01-24,37,37,BRL,13.72,,29.4,23.72,L0158-01
CMP00630,PRD0158,FOR015,NACIONAL,2025-06-05,,2025-06-23,2025-06-25,35,35,BRL,13.6,,16.07,10.37,L0158-02
CMP00631,PRD0158,FOR015,NACIONAL,2025-10-10,,2025-10-29,2025-10-28,36,36,BRL,13.68,,20.15,24.65,L0158-03
CMP00632,PRD0158,FOR015,NACIONAL,2026-03-02,,2026-03-09,2026-03-12,75,75,BRL,13.61,,42.25,43.19,L0158-04
CMP00633,PRD0159,FOR016,NACIONAL,2025-01-03,,2025-01-17,2025-01-17,38,38,BRL,14.33,,20.78,13.52,L0159-01
CMP00634,PRD0159,FOR016,NACIONAL,2025-05-30,,2025-06-20,2025-06-18,33,33,BRL,13.89,,14.0,31.47,L0159-02
CMP00635,PRD0159,FOR016,NACIONAL,2025-10-07,,2025-10-28,2025-11-01,34,34,BRL,13.19,,16.22,14.43,L0159-03
CMP00636,PRD0159,FOR016,NACIONAL,2026-02-13,,2026-03-01,2026-03-02,77,77,BRL,13.56,,85.56,35.85,L0159-04
CMP00637,PRD0160,FOR017,NACIONAL,2025-01-04,,2025-01-27,2025-01-30,25,25,BRL,15.51,,25.87,14.76,L0160-01
CMP00638,PRD0160,FOR017,NACIONAL,2025-05-21,,2025-06-09,2025-06-08,21,21,BRL,15.94,,22.88,19.15,L0160-02
CMP00639,PRD0160,FOR017,NACIONAL,2025-10-18,,2025-11-03,2025-11-06,21,21,BRL,16.08,,11.62,14.59,L0160-03
CMP00640,PRD0160,FOR017,NACIONAL,2026-02-20,,2026-03-11,2026-03-10,44,44,BRL,15.09,,50.68,25.29,L0160-04
CMP00641,PRD0161,FOR018,NACIONAL,2025-01-16,,2025-01-29,2025-01-28,24,24,BRL,6.83,,7.06,7.72,L0161-01
CMP00642,PRD0161,FOR018,NACIONAL,2025-05-30,,2025-06-17,2025-06-17,28,28,BRL,6.49,,7.97,8.94,L0161-02
CMP00643,PRD0161,FOR018,NACIONAL,2025-10-09,,2025-11-01,2025-11-06,27,27,BRL,6.57,,12.59,6.55,L0161-03
CMP00644,PRD0161,FOR018,NACIONAL,2026-03-01,,2026-03-08,2026-03-08,56,56,BRL,7.2,,22.17,17.95,L0161-04
CMP00645,PRD0162,FOR019,NACIONAL,2025-01-10,,2025-01-21,2025-01-26,32,32,BRL,10.66,,15.24,14.95,L0162-01
CMP00646,PRD0162,FOR019,NACIONAL,2025-06-03,,2025-06-21,2025-06-20,27,27,BRL,10.22,,17.29,17.13,L0162-02
CMP00647,PRD0162,FOR019,NACIONAL,2025-10-08,,2025-10-16,2025-10-20,30,30,BRL,10.43,,17.88,7.52,L0162-03
CMP00648,PRD0162,FOR019,NACIONAL,2026-02-12,,2026-03-08,2026-03-06,60,60,BRL,10.49,,47.85,26.25,L0162-04
CMP00649,PRD0163,FOR020,NACIONAL,2025-01-15,,2025-01-22,2025-01-27,30,30,BRL,12.96,,19.19,16.56,L0163-01
CMP00650,PRD0163,FOR020,NACIONAL,2025-05-27,,2025-06-21,2025-06-22,29,29,BRL,11.79,,22.83,12.99,L0163-02
CMP00651,PRD0163,FOR020,NACIONAL,2025-10-11,,2025-10-20,2025-10-24,29,29,BRL,13.07,,21.89,23.71,L0163-03
CMP00652,PRD0163,FOR020,NACIONAL,2026-02-23,,2026-03-10,2026-03-10,60,60,BRL,12.28,,49.42,21.5,L0163-04
CMP00653,PRD0164,FOR021,NACIONAL,2025-01-06,,2025-01-28,2025-02-02,41,41,BRL,7.26,,14.26,17.63,L0164-01
CMP00654,PRD0164,FOR021,NACIONAL,2025-05-17,,2025-06-01,2025-06-06,36,36,BRL,7.48,,16.29,10.05,L0164-02
CMP00655,PRD0164,FOR021,NACIONAL,2025-10-08,,2025-10-25,2025-10-25,35,35,BRL,7.71,,17.86,13.19,L0164-03
CMP00656,PRD0164,FOR021,NACIONAL,2026-02-10,,2026-02-25,2026-02-23,84,84,BRL,7.42,,48.18,18.01,L0164-04
CMP00657,PRD0165,FOR022,NACIONAL,2025-01-02,,2025-01-13,2025-01-12,36,36,BRL,10.26,,9.02,19.34,L0165-01
CMP00658,PRD0165,FOR022,NACIONAL,2025-05-29,,2025-06-06,2025-06-09,37,37,BRL,10.15,,19.3,26.03,L0165-02
CMP00659,PRD0165,FOR022,NACIONAL,2025-10-09,,2025-10-20,2025-10-18,39,39,BRL,10.22,,10.64,25.13,L0165-03
CMP00660,PRD0165,FOR022,NACIONAL,2026-02-19,,2026-03-01,2026-03-01,79,79,BRL,10.8,,49.92,39.51,L0165-04
CMP00661,PRD0166,FOR023,NACIONAL,2025-01-19,,2025-02-09,2025-02-07,20,20,BRL,12.13,,14.73,15.63,L0166-01
CMP00662,PRD0166,FOR023,NACIONAL,2025-05-19,,2025-06-07,2025-06-10,20,20,BRL,12.21,,17.53,11.71,L0166-02
CMP00663,PRD0166,FOR023,NACIONAL,2025-10-06,,2025-10-29,2025-10-28,20,20,BRL,11.45,,9.33,7.74,L0166-03
CMP00664,PRD0166,FOR023,NACIONAL,2026-02-16,,2026-03-10,2026-03-13,42,42,BRL,11.5,,33.36,29.78,L0166-04
CMP00665,PRD0167,FOR024,NACIONAL,2025-01-07,,2025-01-20,2025-01-22,24,24,BRL,6.82,,11.48,9.27,L0167-01
CMP00666,PRD0167,FOR024,NACIONAL,2025-05-18,,2025-06-09,2025-06-13,21,21,BRL,6.96,,8.32,3.94,L0167-02
CMP00667,PRD0167,FOR024,NACIONAL,2025-10-16,,2025-10-28,2025-10-29,24,24,BRL,6.83,,11.49,7.33,L0167-03
CMP00668,PRD0167,FOR024,NACIONAL,2026-02-11,,2026-03-05,2026-03-03,48,48,BRL,7.1,,14.4,11.2,L0167-04
CMP00669,PRD0168,FOR001,NACIONAL,2025-01-10,,2025-01-23,2025-01-27,20,20,BRL,10.71,,5.13,8.14,L0168-01
CMP00670,PRD0168,FOR001,NACIONAL,2025-05-29,,2025-06-10,2025-06-08,20,20,BRL,11.3,,12.92,13.65,L0168-02
CMP00671,PRD0168,FOR001,NACIONAL,2025-10-16,,2025-10-27,2025-10-30,20,20,BRL,11.0,,5.55,9.61,L0168-03
CMP00672,PRD0168,FOR001,NACIONAL,2026-02-22,,2026-03-12,2026-03-16,42,42,BRL,10.99,,11.4,14.12,L0168-04
CMP00673,PRD0169,FOR002,NACIONAL,2025-01-06,,2025-01-15,2025-01-20,21,21,BRL,5.94,,8.68,6.47,L0169-01
CMP00674,PRD0169,FOR002,NACIONAL,2025-05-23,,2025-06-03,2025-06-04,23,23,BRL,6.15,,4.2,4.33,L0169-02
CMP00675,PRD0169,FOR002,NACIONAL,2025-10-17,,2025-11-09,2025-11-14,20,20,BRL,6.18,,3.26,5.99,L0169-03
CMP00676,PRD0169,FOR002,NACIONAL,2026-03-02,,2026-03-20,2026-03-21,44,44,BRL,5.57,,9.87,11.21,L0169-04
CMP00677,PRD0170,FOR003,NACIONAL,2025-01-12,,2025-01-24,2025-01-25,20,20,BRL,11.4,,13.09,10.17,L0170-01
CMP00678,PRD0170,FOR003,NACIONAL,2025-05-17,,2025-05-25,2025-05-23,20,20,BRL,11.91,,10.07,9.55,L0170-02
CMP00679,PRD0170,FOR003,NACIONAL,2025-10-09,,2025-10-19,2025-10-23,20,20,BRL,10.61,,15.26,9.89,L0170-03
CMP00680,PRD0170,FOR003,NACIONAL,2026-02-25,,2026-03-17,2026-03-21,42,42,BRL,11.69,,10.85,12.33,L0170-04
CMP00681,PRD0171,FOR004,NACIONAL,2025-01-19,,2025-02-02,2025-02-05,20,20,BRL,11.67,,5.63,10.1,L0171-01
CMP00682,PRD0171,FOR004,NACIONAL,2025-05-26,,2025-06-13,2025-06-13,20,20,BRL,11.27,,8.72,13.54,L0171-02
CMP00683,PRD0171,FOR004,NACIONAL,2025-10-18,,2025-11-08,2025-11-09,20,20,BRL,11.41,,14.18,4.91,L0171-03
CMP00684,PRD0171,FOR004,NACIONAL,2026-02-19,,2026-03-15,2026-03-14,42,42,BRL,11.42,,29.44,17.67,L0171-04
CMP00685,PRD0172,FOR005,NACIONAL,2025-01-14,,2025-02-02,2025-01-31,20,20,BRL,12.56,,6.09,8.69,L0172-01
CMP00686,PRD0172,FOR005,NACIONAL,2025-05-22,,2025-06-01,2025-06-02,20,20,BRL,12.53,,12.09,8.11,L0172-02
CMP00687,PRD0172,FOR005,NACIONAL,2025-10-13,,2025-10-31,2025-10-30,20,20,BRL,12.72,,15.35,7.17,L0172-03
CMP00688,PRD0172,FOR005,NACIONAL,2026-02-21,,2026-02-28,2026-02-28,42,42,BRL,12.36,,12.99,21.05,L0172-04
CMP00689,PRD0173,FOR006,NACIONAL,2025-01-18,,2025-01-29,2025-02-03,22,22,BRL,7.24,,7.23,7.26,L0173-01
CMP00690,PRD0173,FOR006,NACIONAL,2025-06-02,,2025-06-20,2025-06-19,23,23,BRL,7.63,,5.31,12.26,L0173-02
CMP00691,PRD0173,FOR006,NACIONAL,2025-10-10,,2025-10-23,2025-10-22,23,23,BRL,7.39,,5.24,10.6,L0173-03
CMP00692,PRD0173,FOR006,NACIONAL,2026-02-14,,2026-03-10,2026-03-15,46,46,BRL,7.76,,12.55,23.8,L0173-04
CMP00693,PRD0174,FOR007,NACIONAL,2025-01-08,,2025-01-24,2025-01-22,32,32,BRL,12.24,,21.79,21.29,L0174-01
CMP00694,PRD0174,FOR007,NACIONAL,2025-05-17,,2025-05-30,2025-05-28,32,32,BRL,12.53,,11.97,26.15,L0174-02
CMP00695,PRD0174,FOR007,NACIONAL,2025-10-18,,2025-11-11,2025-11-09,26,26,BRL,12.4,,13.4,13.05,L0174-03
CMP00696,PRD0174,FOR007,NACIONAL,2026-02-10,,2026-02-17,2026-02-21,60,60,BRL,12.22,,23.06,35.76,L0174-04
CMP00697,PRD0175,FOR008,NACIONAL,2025-01-06,,2025-01-14,2025-01-16,20,20,BRL,8.03,,9.01,9.36,L0175-01
CMP00698,PRD0175,FOR008,NACIONAL,2025-06-03,,2025-06-27,2025-06-26,20,20,BRL,7.97,,4.8,9.05,L0175-02
CMP00699,PRD0175,FOR008,NACIONAL,2025-09-28,,2025-10-09,2025-10-11,20,20,BRL,7.84,,6.37,6.29,L0175-03
CMP00700,PRD0175,FOR008,NACIONAL,2026-02-22,,2026-03-02,2026-03-03,42,42,BRL,7.62,,24.18,20.83,L0175-04
CMP00701,PRD0176,FOR009,NACIONAL,2025-01-07,,2025-01-26,2025-01-26,20,20,BRL,11.13,,5.61,10.0,L0176-01
CMP00702,PRD0176,FOR009,NACIONAL,2025-05-19,,2025-05-26,2025-05-25,20,20,BRL,11.39,,17.99,9.64,L0176-02
CMP00703,PRD0176,FOR009,NACIONAL,2025-09-29,,2025-10-20,2025-10-21,20,20,BRL,12.03,,11.66,6.74,L0176-03
CMP00704,PRD0176,FOR009,NACIONAL,2026-02-19,,2026-03-11,2026-03-16,42,42,BRL,11.35,,21.1,15.35,L0176-04
CMP00705,PRD0177,FOR010,NACIONAL,2025-01-11,,2025-02-04,2025-02-04,20,20,BRL,11.77,,8.14,12.02,L0177-01
CMP00706,PRD0177,FOR010,NACIONAL,2025-05-16,,2025-06-06,2025-06-10,20,20,BRL,11.3,,15.15,12.76,L0177-02
CMP00707,PRD0177,FOR010,NACIONAL,2025-10-10,,2025-10-25,2025-10-30,20,20,BRL,11.48,,6.37,6.48,L0177-03
CMP00708,PRD0177,FOR010,NACIONAL,2026-02-19,,2026-03-12,2026-03-10,42,42,BRL,11.68,,31.71,23.07,L0177-04
CMP00709,PRD0178,FOR011,NACIONAL,2025-01-08,,2025-01-17,2025-01-18,20,20,BRL,10.49,,15.41,10.31,L0178-01
CMP00710,PRD0178,FOR011,NACIONAL,2025-06-02,,2025-06-27,2025-06-26,20,20,BRL,9.87,,5.91,9.88,L0178-02
CMP00711,PRD0178,FOR011,NACIONAL,2025-10-03,,2025-10-24,2025-10-28,20,20,BRL,10.08,,14.27,12.68,L0178-03
CMP00712,PRD0178,FOR011,NACIONAL,2026-02-11,,2026-03-02,2026-03-07,42,42,BRL,9.97,,21.05,24.41,L0178-04
CMP00713,PRD0179,FOR012,NACIONAL,2025-01-07,,2025-01-17,2025-01-16,20,20,BRL,5.96,,7.76,6.28,L0179-01
CMP00714,PRD0179,FOR012,NACIONAL,2025-06-05,,2025-06-27,2025-06-30,20,20,BRL,5.69,,6.98,5.32,L0179-02
CMP00715,PRD0179,FOR012,NACIONAL,2025-10-07,,2025-10-25,2025-10-28,20,20,BRL,5.96,,3.19,4.09,L0179-03
CMP00716,PRD0179,FOR012,NACIONAL,2026-02-24,,2026-03-09,2026-03-09,42,42,BRL,5.48,,6.31,6.2,L0179-04
CMP00717,PRD0180,FOR013,NACIONAL,2025-01-19,,2025-02-09,2025-02-13,20,20,BRL,10.18,,16.73,4.84,L0180-01
CMP00718,PRD0180,FOR013,NACIONAL,2025-06-03,,2025-06-28,2025-07-02,20,20,BRL,10.64,,7.47,13.91,L0180-02
CMP00719,PRD0180,FOR013,NACIONAL,2025-10-03,,2025-10-15,2025-10-18,20,20,BRL,10.57,,6.02,9.44,L0180-03
CMP00720,PRD0180,FOR013,NACIONAL,2026-02-22,,2026-03-14,2026-03-16,42,42,BRL,10.33,,25.47,16.22,L0180-04
