devolucao_id,pedido_id,produto_id,data_solicitacao,data_processamento,quantidade,valor_estornado,motivo,condicao_retorno,custo_logistico
DEV00001,PED012213,PRD0052,2026-03-30,2026-04-01,2,209.84,AVARIA,REVENDAVEL,8.11
DEV00002,PED001830,PRD0002,2025-03-23,2025-04-01,1,121.49,VALIDADE,DESCARTE,16.26
DEV00003,PED006760,PRD0001,2025-09-30,2025-10-07,1,82.57,QUALIDADE,REVENDAVEL,28.19
DEV00004,PED014702,PRD0004,2026-05-26,2026-05-27,2,269.36,AVARIA,AVARIADO,30.55
DEV00005,PED013099,PRD0011,2026-04-23,2026-04-24,1,93.74,VALIDADE,REVENDAVEL,20.02
DEV00006,PED007154,PRD0001,2025-11-05,2025-11-09,1,88.03,QUALIDADE,REVENDAVEL,22.5
DEV00007,PED007768,PRD0005,2025-12-14,2025-12-21,1,142.89,PRODUTO INCORRETO,REVENDAVEL,20.69
DEV00008,PED000216,PRD0049,2025-01-29,2025-02-02,1,68.76,AVARIA,AVARIADO,19.63
DEV00009,PED001801,PRD0021,2025-04-05,2025-04-07,1,107.15,AVARIA,DESCARTE,28.19
DEV00010,PED007770,PRD0003,2025-12-21,2025-12-29,1,127.95,PRODUTO INCORRETO,AVARIADO,33.65
DEV00011,PED003928,PRD0001,2025-07-12,2025-07-17,1,88.97,VALIDADE,REVENDAVEL,33.95
DEV00012,PED001643,PRD0066,2025-04-04,2025-04-07,2,246.99,VALIDADE,REVENDAVEL,18.96
DEV00013,PED006444,PRD0117,2025-10-08,2025-10-12,1,56.13,QUALIDADE,REVENDAVEL,33.76
DEV00014,PED008239,PRD0022,2025-11-23,2025-12-02,1,100.25,ARREPENDIMENTO,REVENDAVEL,21.39
DEV00015,PED004734,PRD0001,2025-08-10,2025-08-15,1,89.3,VALIDADE,AVARIADO,15.34
DEV00016,PED011116,PRD0021,2026-03-09,2026-03-11,1,116.53,QUALIDADE,DESCARTE,31.42
DEV00017,PED008338,PRD0022,2025-12-18,2025-12-28,2,203.86,AVARIA,DESCARTE,23.81
DEV00018,PED008967,PRD0023,2025-12-31,2026-01-10,1,146.79,PRODUTO INCORRETO,REVENDAVEL,24.95
DEV00019,PED001319,PRD0071,2025-03-18,2025-03-19,2,239.81,ARREPENDIMENTO,REVENDAVEL,25.73
DEV00020,PED008794,PRD0017,2025-11-29,2025-12-03,1,168.13,QUALIDADE,AVARIADO,31.29
DEV00021,PED009301,PRD0005,2025-12-17,2025-12-21,1,135.97,AVARIA,REVENDAVEL,32.77
DEV00022,PED000264,PRD0003,2025-02-05,2025-02-14,1,162.82,QUALIDADE,AVARIADO,8.36
DEV00023,PED014741,PRD0170,2026-06-06,2026-06-13,1,16.36,VALIDADE,REVENDAVEL,25.74
DEV00024,PED011475,PRD0004,2026-02-27,2026-02-28,1,133.25,PRODUTO INCORRETO,DESCARTE,22.96
DEV00025,PED006190,PRD0006,2025-09-07,2025-09-11,1,116.11,VALIDADE,AVARIADO,29.79
DEV00026,PED008454,PRD0007,2025-12-10,2025-12-11,1,88.18,AVARIA,REVENDAVEL,19.47
DEV00027,PED002922,PRD0003,2025-04-12,2025-04-22,1,143.28,VALIDADE,DESCARTE,20.65
DEV00028,PED001024,PRD0026,2025-03-19,2025-03-23,1,138.59,VALIDADE,REVENDAVEL,19.9
DEV00029,PED011176,PRD0039,2026-03-07,2026-03-17,1,111.92,ARREPENDIMENTO,AVARIADO,34.51
DEV00030,PED000610,PRD0043,2025-02-04,2025-02-10,1,67.71,ARREPENDIMENTO,REVENDAVEL,22.93
DEV00031,PED014211,PRD0067,2026-05-24,2026-05-29,1,91.43,VALIDADE,REVENDAVEL,24.94
DEV00032,PED015506,PRD0071,2026-06-11,2026-06-19,2,208.97,VALIDADE,AVARIADO,13.24
DEV00033,PED009567,PRD0005,2025-12-26,2025-12-28,1,56.78,,REVENDAVEL,24.68
DEV00034,PED013016,PRD0001,2026-04-27,2026-04-29,1,76.41,QUALIDADE,REVENDAVEL,16.1
DEV00035,PED014520,PRD0025,2026-05-08,2026-05-09,1,126.69,PRODUTO INCORRETO,AVARIADO,31.19
DEV00036,PED005677,PRD0045,2025-08-26,2025-09-04,1,112.61,PRODUTO INCORRETO,REVENDAVEL,13.41
DEV00037,PED009470,PRD0001,2026-01-05,2026-01-11,1,84.17,QUALIDADE,REVENDAVEL,20.06
DEV00038,PED006796,PRD0030,2025-10-22,2025-10-27,1,129.92,QUALIDADE,AVARIADO,14.63
DEV00039,PED013851,PRD0002,2026-06-07,2026-06-14,1,110.11,VALIDADE,REVENDAVEL,33.33
DEV00040,PED014223,PRD0014,2026-06-01,2026-06-11,1,140.75,QUALIDADE,AVARIADO,9.47
DEV00041,PED013158,PRD0001,2026-05-05,2026-05-07,1,80.73,VALIDADE,REVENDAVEL,13.91
DEV00042,PED013690,PRD0155,2026-05-16,2026-05-18,1,18.58,ARREPENDIMENTO,REVENDAVEL,11.56
DEV00043,PED013846,PRD0007,2026-06-14,2026-06-19,1,92.93,ARREPENDIMENTO,REVENDAVEL,16.03
DEV00044,PED013095,PRD0048,2026-05-21,2026-05-24,1,72.24,AVARIA,AVARIADO,11.68
DEV00045,PED001521,PRD0077,2025-04-18,2025-04-28,2,144.8,AVARIA,REVENDAVEL,19.31
DEV00046,PED007317,PRD0005,2025-11-04,2025-11-13,1,135.29,VALIDADE,REVENDAVEL,30.79
DEV00047,PED003655,PRD0010,2025-05-28,2025-06-03,1,116.86,PRODUTO INCORRETO,REVENDAVEL,13.08
DEV00048,PED008885,PRD0008,2025-12-25,2025-12-29,1,150.79,PRODUTO INCORRETO,REVENDAVEL,9.18
DEV00049,PED003840,PRD0010,2025-07-05,2025-07-12,1,116.6,VALIDADE,REVENDAVEL,27.51
DEV00050,PED000722,PRD0002,2025-02-06,2025-02-10,2,220.03,AVARIA,DESCARTE,12.04
DEV00051,PED008679,PRD0079,2025-12-04,2025-12-10,1,79.4,AVARIA,REVENDAVEL,32.36
DEV00052,PED012641,PRD0110,2026-04-04,2026-04-07,1,57.89,ARREPENDIMENTO,AVARIADO,12.51
DEV00053,PED013491,PRD0013,2026-05-17,2026-05-27,1,172.08,ARREPENDIMENTO,REVENDAVEL,18.0
DEV00054,PED004808,PRD0001,2025-07-27,2025-07-28,1,88.66,ARREPENDIMENTO,REVENDAVEL,20.42
DEV00055,PED012044,PRD0003,2026-04-04,2026-04-08,1,127.46,ARREPENDIMENTO,REVENDAVEL,10.44
DEV00056,PED008860,PRD0173,2026-01-03,2026-01-05,1,12.01,AVARIA,REVENDAVEL,28.56
DEV00057,PED010295,PRD0016,2026-02-04,2026-02-09,1,146.3,QUALIDADE,AVARIADO,10.24
DEV00058,PED006438,PRD0019,2025-10-09,2025-10-14,1,191.65,VALIDADE,AVARIADO,24.42
DEV00059,PED007691,PRD0020,2025-10-22,2025-10-26,1,60.06,VALIDADE,REVENDAVEL,20.99
DEV00060,PED003615,PRD0002,2025-06-01,2025-06-03,1,43.85,AVARIA,REVENDAVEL,13.45
DEV00061,PED003208,PRD0007,2025-06-14,2025-06-19,2,191.79,PRODUTO INCORRETO,REVENDAVEL,33.68
DEV00062,PED000915,PRD0060,2025-03-06,2025-03-12,1,71.86,ARREPENDIMENTO,REVENDAVEL,28.72
DEV00063,PED005109,PRD0016,2025-07-21,2025-07-31,1,125.71,PRODUTO INCORRETO,REVENDAVEL,18.38
DEV00064,PED006018,PRD0046,2025-09-01,2025-09-04,1,79.37,VALIDADE,REVENDAVEL,18.16
DEV00065,PED003325,PRD0002,2025-05-29,2025-06-07,1,110.13,ARREPENDIMENTO,DESCARTE,32.15
DEV00066,PED009035,PRD0027,2025-12-24,2025-12-29,1,180.23,PRODUTO INCORRETO,REVENDAVEL,30.0
DEV00067,PED008498,PRD0011,2025-12-07,2025-12-13,1,94.0,QUALIDADE,REVENDAVEL,18.52
DEV00068,PED003720,PRD0118,2025-06-23,2025-07-03,1,42.98,ARREPENDIMENTO,REVENDAVEL,22.41
DEV00069,PED001496,PRD0034,2025-03-15,2025-03-19,1,159.11,ARREPENDIMENTO,REVENDAVEL,26.0
DEV00070,PED012182,PRD0002,2026-04-20,2026-04-29,1,111.81,PRODUTO INCORRETO,REVENDAVEL,32.97
DEV00071,PED002632,PRD0001,2025-04-20,2025-04-30,1,81.16,QUALIDADE,DESCARTE,12.74
DEV00072,PED011416,PRD0002,2026-02-26,2026-03-01,1,122.11,AVARIA,REVENDAVEL,28.59
DEV00073,PED005197,PRD0001,2025-08-12,2025-08-20,2,29.22,ARREPENDIMENTO,AVARIADO,10.88
DEV00074,PED001729,PRD0017,2025-04-21,2025-04-23,1,208.25,QUALIDADE,REVENDAVEL,16.49
DEV00075,PED005930,PRD0011,2025-09-05,2025-09-11,1,102.52,PRODUTO INCORRETO,REVENDAVEL,27.65
DEV00076,PED014161,PRD0002,2026-06-02,2026-06-04,1,113.89,ARREPENDIMENTO,REVENDAVEL,29.9
DEV00077,PED006697,PRD0002,2025-09-24,2025-09-27,1,110.66,PRODUTO INCORRETO,AVARIADO,21.48
DEV00078,PED001112,PRD0002,2025-02-27,2025-03-04,1,122.96,AVARIA,REVENDAVEL,30.54
DEV00079,PED001261,PRD0018,2025-03-20,2025-03-25,1,92.73,QUALIDADE,AVARIADO,21.04
DEV00080,PED012497,PRD0058,2026-03-17,2026-03-23,1,67.58,ARREPENDIMENTO,REVENDAVEL,20.67
DEV00081,PED005163,PRD0001,2025-07-29,2025-08-04,2,118.78,PRODUTO INCORRETO,REVENDAVEL,10.95
DEV00082,PED005078,PRD0002,2025-08-16,2025-08-26,1,110.28,QUALIDADE,REVENDAVEL,24.02
DEV00083,PED009692,PRD0002,2026-01-17,2026-01-19,1,118.48,QUALIDADE,AVARIADO,28.84
DEV00084,PED007899,PRD0009,2025-12-26,2026-01-04,1,130.61,ARREPENDIMENTO,REVENDAVEL,14.08
DEV00085,PED003863,PRD0028,2025-06-27,2025-07-02,1,160.93,VALIDADE,DESCARTE,8.89
DEV00086,PED014622,PRD0005,2026-05-28,2026-06-01,1,132.65,PRODUTO INCORRETO,REVENDAVEL,34.5
DEV00087,PED005059,PRD0016,2025-07-28,2025-07-31,1,135.48,VALIDADE,REVENDAVEL,21.7
DEV00088,PED007470,PRD0001,2025-10-13,2025-10-20,1,90.64,QUALIDADE,REVENDAVEL,11.64
DEV00089,PED013737,PRD0037,2026-06-08,2026-06-09,2,289.94,AVARIA,REVENDAVEL,19.43
DEV00090,PED008176,PRD0004,2025-12-06,2025-12-16,1,121.66,VALIDADE,REVENDAVEL,28.24
DEV00091,PED001260,PRD0027,2025-03-17,2025-03-22,1,199.28,AVARIA,DESCARTE,8.5
DEV00092,PED014448,PRD0179,2026-06-22,2026-06-23,1,8.92,VALIDADE,REVENDAVEL,10.9
DEV00093,PED002588,PRD0160,2025-05-01,2025-05-06,1,24.48,VALIDADE,AVARIADO,27.73
DEV00094,PED009769,PRD0066,2026-01-26,2026-02-04,1,125.93,PRODUTO INCORRETO,REVENDAVEL,32.07
DEV00095,PED013093,PRD0003,2026-05-11,2026-05-18,1,132.64,VALIDADE,AVARIADO,9.16
DEV00096,PED001147,PRD0013,2025-03-25,2025-04-02,1,178.03,VALIDADE,DESCARTE,16.06
DEV00097,PED003316,PRD0007,2025-05-12,2025-05-14,1,103.01,PRODUTO INCORRETO,DESCARTE,27.08
DEV00098,PED000692,PRD0002,2025-01-26,2025-02-04,1,107.96,AVARIA,AVARIADO,32.8
DEV00099,PED009339,PRD0001,2025-12-21,2025-12-30,1,78.14,VALIDADE,REVENDAVEL,8.77
DEV00100,PED014155,PRD0056,2026-06-03,2026-06-04,1,114.57,QUALIDADE,REVENDAVEL,8.73
DEV00101,PED011224,PRD0002,2026-03-10,2026-03-17,1,119.4,VALIDADE,AVARIADO,12.02
DEV00102,PED005222,PRD0048,2025-08-02,2025-08-10,2,134.38,VALIDADE,REVENDAVEL,33.09
DEV00103,PED000558,PRD0001,2025-02-01,2025-02-06,1,81.13,PRODUTO INCORRETO,REVENDAVEL,16.06
DEV00104,PED005380,PRD0114,2025-09-01,2025-09-08,1,31.89,ARREPENDIMENTO,DESCARTE,34.79
DEV00105,PED002781,PRD0032,2025-05-22,2025-05-25,1,123.8,VALIDADE,AVARIADO,10.86
DEV00106,PED008637,PRD0059,2025-11-16,2025-11-19,1,131.35,QUALIDADE,REVENDAVEL,11.53
DEV00107,PED006812,PRD0002,2025-10-02,2025-10-10,1,101.55,VALIDADE,AVARIADO,32.89
DEV00108,PED008425,PRD0064,2025-12-14,2025-12-20,1,69.01,VALIDADE,REVENDAVEL,29.75
DEV00109,PED006848,PRD0003,2025-10-02,2025-10-08,2,250.49,ARREPENDIMENTO,REVENDAVEL,27.34
DEV00110,PED011793,PRD0065,2026-04-12,2026-04-22,1,127.96,AVARIA,AVARIADO,16.84
DEV00111,PED011024,PRD0038,2026-03-02,2026-03-03,1,168.82,VALIDADE,DESCARTE,21.47
DEV00112,PED014800,PRD0011,2026-06-11,2026-06-21,1,59.81,ARREPENDIMENTO,REVENDAVEL,29.27
DEV00113,PED006286,PRD0007,2025-09-09,2025-09-14,1,100.72,AVARIA,AVARIADO,15.06
DEV00114,PED006660,PRD0020,2025-10-02,2025-10-03,2,205.8,PRODUTO INCORRETO,DESCARTE,16.18
DEV00115,PED006781,PRD0047,2025-10-12,2025-10-20,1,108.4,PRODUTO INCORRETO,REVENDAVEL,32.26
DEV00116,PED006085,PRD0004,2025-08-24,2025-08-28,1,0.0,AVARIA,AVARIADO,12.14
DEV00117,PED012144,PRD0048,2026-04-06,2026-04-15,1,72.92,QUALIDADE,DESCARTE,18.27
DEV00118,PED004626,PRD0004,2025-08-16,2025-08-21,1,142.44,QUALIDADE,REVENDAVEL,32.6
DEV00119,PED008832,PRD0046,2025-12-02,2025-12-10,1,84.09,PRODUTO INCORRETO,REVENDAVEL,20.42
DEV00120,PED005503,PRD0001,2025-08-17,2025-08-18,1,79.5,QUALIDADE,REVENDAVEL,28.96
DEV00121,PED010093,PRD0002,2026-02-22,2026-02-23,1,111.74,VALIDADE,AVARIADO,21.58
DEV00122,PED004183,PRD0012,2025-06-28,2025-07-03,1,134.95,ARREPENDIMENTO,REVENDAVEL,15.14
DEV00123,PED010356,PRD0090,2026-02-21,2026-02-22,1,55.6,PRODUTO INCORRETO,DESCARTE,9.4
DEV00124,PED009049,PRD0007,2025-12-16,2025-12-19,1,94.96,ARREPENDIMENTO,REVENDAVEL,13.75
DEV00125,PED006587,PRD0024,2025-10-20,2025-10-27,1,87.11,PRODUTO INCORRETO,REVENDAVEL,15.83
DEV00126,PED003082,PRD0003,2025-05-29,2025-06-06,1,143.32,PRODUTO INCORRETO,REVENDAVEL,33.28
DEV00127,PED014537,PRD0005,2026-06-06,2026-06-09,1,148.44,AVARIA,REVENDAVEL,19.6
DEV00128,PED001271,PRD0018,2025-02-25,2025-03-04,1,89.18,PRODUTO INCORRETO,REVENDAVEL,33.3
DEV00129,PED012658,PRD0010,2026-03-27,2026-04-04,1,0.0,AVARIA,REVENDAVEL,13.02
DEV00130,PED004087,PRD0005,2025-07-03,2025-07-12,1,147.0,ARREPENDIMENTO,REVENDAVEL,14.35
DEV00131,PED011885,PRD0020,2026-04-17,2026-04-21,2,216.8,PRODUTO INCORRETO,REVENDAVEL,30.3
DEV00132,PED004699,PRD0011,2025-08-10,2025-08-19,1,106.59,ARREPENDIMENTO,REVENDAVEL,13.08
DEV00133,PED002656,PRD0014,2025-05-23,2025-05-25,1,126.72,PRODUTO INCORRETO,REVENDAVEL,24.87
DEV00134,PED006402,PRD0098,2025-09-18,2025-09-23,1,76.58,AVARIA,REVENDAVEL,23.78
DEV00135,PED007559,PRD0045,2025-11-18,2025-11-23,1,112.43,VALIDADE,REVENDAVEL,20.83
DEV00136,PED007726,PRD0035,2025-10-28,2025-11-01,1,156.63,PRODUTO INCORRETO,AVARIADO,16.12
DEV00137,PED000222,PRD0001,2025-02-09,2025-02-14,1,94.44,PRODUTO INCORRETO,REVENDAVEL,33.71
DEV00138,PED000953,PRD0003,2025-03-09,2025-03-10,1,158.66,PRODUTO INCORRETO,REVENDAVEL,33.69
DEV00139,PED009138,PRD0036,2025-12-28,2025-12-29,1,99.8,AVARIA,AVARIADO,23.39
DEV00140,PED000137,PRD0001,2025-02-05,2025-02-13,2,169.62,ARREPENDIMENTO,REVENDAVEL,18.4
DEV00141,PED010192,PRD0001,2026-02-01,2026-02-11,1,86.34,VALIDADE,REVENDAVEL,12.02
DEV00142,PED013881,PRD0002,2026-05-24,2026-05-26,1,126.14,PRODUTO INCORRETO,REVENDAVEL,16.16
DEV00143,PED010430,PRD0001,2026-02-06,2026-02-09,1,84.96,ARREPENDIMENTO,REVENDAVEL,26.07
DEV00144,PED004855,PRD0007,2025-08-11,2025-08-15,1,92.54,VALIDADE,REVENDAVEL,11.78
DEV00145,PED001522,PRD0037,2025-04-06,2025-04-14,1,134.61,ARREPENDIMENTO,AVARIADO,28.76
DEV00146,PED004930,PRD0011,2025-08-17,2025-08-20,1,102.57,VALIDADE,REVENDAVEL,9.98
DEV00147,PED007701,PRD0122,2025-11-13,2025-11-19,1,58.77,VALIDADE,DESCARTE,26.65
DEV00148,PED005089,PRD0018,2025-08-01,2025-08-07,1,80.23,VALIDADE,AVARIADO,23.27
DEV00149,PED003174,PRD0005,2025-05-18,2025-05-19,1,150.77,VALIDADE,REVENDAVEL,9.61
DEV00150,PED005987,PRD0022,2025-08-11,2025-08-19,1,0.0,QUALIDADE,REVENDAVEL,25.83
DEV00151,PED014908,PRD0028,2026-06-15,2026-06-21,1,152.08,VALIDADE,REVENDAVEL,15.32
DEV00152,PED012475,PRD0012,2026-04-21,2026-04-26,2,286.15,QUALIDADE,REVENDAVEL,15.04
DEV00153,PED008727,PRD0004,2025-12-23,2026-01-01,2,201.27,PRODUTO INCORRETO,REVENDAVEL,16.52
DEV00154,PED014758,PRD0003,2026-06-19,2026-06-22,1,131.97,AVARIA,REVENDAVEL,19.5
DEV00155,PED004085,PRD0006,2025-07-19,2025-07-27,1,138.83,ARREPENDIMENTO,AVARIADO,21.52
DEV00156,PED006457,PRD0001,2025-10-25,2025-11-03,2,166.52,AVARIA,REVENDAVEL,21.14
DEV00157,PED008170,PRD0006,2025-12-04,2025-12-06,1,116.23,ARREPENDIMENTO,REVENDAVEL,21.09
DEV00158,PED005370,PRD0006,2025-09-07,2025-09-09,1,129.27,AVARIA,AVARIADO,11.41
DEV00159,PED001406,PRD0117,2025-03-16,2025-03-21,1,25.8,AVARIA,REVENDAVEL,23.32
DEV00160,PED002551,PRD0059,2025-04-18,2025-04-20,1,130.25,ARREPENDIMENTO,REVENDAVEL,8.93
DEV00161,PED007103,PRD0033,2025-11-08,2025-11-16,1,180.19,PRODUTO INCORRETO,DESCARTE,11.31
DEV00162,PED004977,PRD0047,2025-08-21,2025-08-22,1,127.49,ARREPENDIMENTO,REVENDAVEL,27.49
DEV00163,PED009311,PRD0012,2026-01-07,2026-01-09,1,176.9,PRODUTO INCORRETO,REVENDAVEL,22.06
DEV00164,PED010058,PRD0035,2026-02-14,2026-02-18,1,164.32,AVARIA,DESCARTE,9.68
DEV00165,PED003722,PRD0001,2025-06-04,2025-06-06,1,81.45,VALIDADE,REVENDAVEL,20.29
DEV00166,PED001959,PRD0012,2025-03-26,2025-04-02,1,190.09,PRODUTO INCORRETO,DESCARTE,8.77
DEV00167,PED014484,PRD0001,2026-06-07,2026-06-16,1,88.67,VALIDADE,REVENDAVEL,22.6
DEV00168,PED011615,PRD0022,2026-03-03,2026-03-11,1,37.58,VALIDADE,AVARIADO,12.93
DEV00169,PED011668,PRD0005,2026-03-16,2026-03-25,1,73.11,ARREPENDIMENTO,AVARIADO,16.31
DEV00170,PED003929,PRD0001,2025-07-16,2025-07-26,1,81.53,PRODUTO INCORRETO,REVENDAVEL,29.65
DEV00171,PED012194,PRD0143,2026-04-08,2026-04-18,1,20.61,QUALIDADE,DESCARTE,18.52
DEV00172,PED009400,PRD0025,2026-01-16,2026-01-26,1,122.78,AVARIA,AVARIADO,25.01
DEV00173,PED014525,PRD0073,2026-05-24,2026-05-31,1,98.87,QUALIDADE,AVARIADO,15.32
DEV00174,PED006159,PRD0107,2025-09-26,2025-10-02,1,75.98,ARREPENDIMENTO,REVENDAVEL,32.67
DEV00175,PED007573,PRD0025,2025-11-02,2025-11-12,1,119.83,ARREPENDIMENTO,AVARIADO,10.22
DEV00176,PED004320,PRD0001,2025-06-25,2025-06-27,1,88.8,VALIDADE,REVENDAVEL,27.73
DEV00177,PED011912,PRD0002,2026-04-18,2026-04-24,1,110.35,ARREPENDIMENTO,AVARIADO,9.71
DEV00178,PED012299,PRD0010,2026-04-14,2026-04-19,1,118.43,AVARIA,REVENDAVEL,8.59
DEV00179,PED008226,PRD0024,2025-12-02,2025-12-11,1,84.96,ARREPENDIMENTO,AVARIADO,11.18
DEV00180,PED005906,PRD0002,2025-09-03,2025-09-12,1,112.19,QUALIDADE,DESCARTE,11.34
DEV00181,PED006123,PRD0156,2025-08-26,2025-09-04,2,32.6,ARREPENDIMENTO,REVENDAVEL,19.49
DEV00182,PED000569,PRD0006,2025-02-10,2025-02-14,1,137.93,ARREPENDIMENTO,DESCARTE,25.96
DEV00183,PED011182,PRD0007,2026-03-10,2026-03-11,1,69.77,VALIDADE,AVARIADO,29.68
DEV00184,PED001840,PRD0070,2025-04-23,2025-04-30,1,125.56,QUALIDADE,DESCARTE,21.11
DEV00185,PED001192,PRD0070,2025-02-25,2025-03-07,2,239.18,PRODUTO INCORRETO,REVENDAVEL,13.89
DEV00186,PED002658,PRD0019,2025-05-02,2025-05-04,1,167.1,VALIDADE,AVARIADO,33.06
DEV00187,PED006472,PRD0008,2025-09-30,2025-10-02,1,154.1,QUALIDADE,AVARIADO,14.95
DEV00188,PED011911,PRD0022,2026-03-25,2026-04-03,1,93.06,QUALIDADE,AVARIADO,24.73
DEV00189,PED006597,PRD0163,2025-10-14,2025-10-21,1,19.61,PRODUTO INCORRETO,REVENDAVEL,15.34
DEV00190,PED005117,PRD0001,2025-07-30,2025-08-08,1,85.25,ARREPENDIMENTO,REVENDAVEL,18.99
DEV00191,PED013141,PRD0165,2026-04-28,2026-05-06,1,18.44,QUALIDADE,REVENDAVEL,33.41
DEV00192,PED008164,PRD0158,2025-12-19,2025-12-21,1,20.13,VALIDADE,REVENDAVEL,26.91
DEV00193,PED006658,PRD0019,2025-10-13,2025-10-15,1,167.65,AVARIA,REVENDAVEL,16.39
DEV00194,PED011280,PRD0027,2026-02-25,2026-03-01,1,197.22,QUALIDADE,DESCARTE,28.71
DEV00195,PED000767,PRD0123,2025-03-06,2025-03-08,1,49.97,ARREPENDIMENTO,DESCARTE,15.71
DEV00196,PED009923,PRD0035,2026-02-06,2026-02-11,1,151.22,QUALIDADE,REVENDAVEL,31.6
DEV00197,PED007041,PRD0051,2025-11-14,2025-11-19,1,113.69,AVARIA,AVARIADO,13.74
DEV00198,PED004589,PRD0162,2025-07-24,2025-07-29,1,5.9,PRODUTO INCORRETO,REVENDAVEL,30.69
DEV00199,PED004962,PRD0002,2025-07-22,2025-08-01,1,110.68,AVARIA,AVARIADO,25.3
DEV00200,PED006941,PRD0005,2025-09-22,2025-09-23,1,3.27,VALIDADE,AVARIADO,13.42
DEV00201,PED013989,PRD0070,2026-05-10,2026-05-19,2,249.02,AVARIA,REVENDAVEL,23.14
DEV00202,PED010275,PRD0007,2026-02-17,2026-02-24,1,103.94,ARREPENDIMENTO,REVENDAVEL,14.27
DEV00203,PED003264,PRD0072,2025-06-18,2025-06-22,1,149.84,QUALIDADE,REVENDAVEL,17.21
DEV00204,PED001712,PRD0017,2025-03-26,2025-04-05,1,185.65,AVARIA,AVARIADO,9.8
DEV00205,PED005996,PRD0028,2025-09-15,2025-09-22,1,0.0,PRODUTO INCORRETO,REVENDAVEL,26.83
DEV00206,PED007515,PRD0007,2025-11-07,2025-11-14,1,72.64,PRODUTO INCORRETO,REVENDAVEL,9.69
DEV00207,PED008156,PRD0011,2025-12-09,2025-12-14,1,94.9,AVARIA,DESCARTE,33.23
DEV00208,PED001574,PRD0003,2025-04-22,2025-04-23,1,146.2,PRODUTO INCORRETO,REVENDAVEL,18.4
DEV00209,PED008594,PRD0173,2025-11-27,2025-12-07,1,6.2,ARREPENDIMENTO,DESCARTE,22.76
DEV00210,PED002232,PRD0126,2025-04-14,2025-04-22,1,40.19,ARREPENDIMENTO,AVARIADO,17.39
DEV00211,PED008011,PRD0104,2025-12-02,2025-12-06,1,59.84,QUALIDADE,AVARIADO,34.69
DEV00212,PED001853,PRD0005,2025-03-13,2025-03-22,1,157.25,ARREPENDIMENTO,AVARIADO,27.76
DEV00213,PED007791,PRD0001,2025-12-16,2025-12-22,1,70.41,PRODUTO INCORRETO,REVENDAVEL,20.59
DEV00214,PED008926,PRD0015,2026-01-02,2026-01-05,1,161.18,AVARIA,DESCARTE,34.28
DEV00215,PED008712,PRD0001,2025-12-03,2025-12-09,1,76.08,ARREPENDIMENTO,REVENDAVEL,15.19
DEV00216,PED009755,PRD0109,2026-02-26,2026-03-04,1,83.63,AVARIA,AVARIADO,16.27
DEV00217,PED007951,PRD0054,2025-12-03,2025-12-04,1,141.6,ARREPENDIMENTO,AVARIADO,21.93
DEV00218,PED005900,PRD0005,2025-09-12,2025-09-17,1,142.03,AVARIA,REVENDAVEL,24.09
DEV00219,PED014643,PRD0003,2026-06-02,2026-06-05,1,129.54,ARREPENDIMENTO,AVARIADO,26.3
DEV00220,PED002752,PRD0015,2025-05-17,2025-05-20,1,173.57,QUALIDADE,REVENDAVEL,26.39
DEV00221,PED008493,PRD0001,2025-12-06,2025-12-10,1,82.1,,REVENDAVEL,33.09
DEV00222,PED012912,PRD0010,2026-05-14,2026-05-18,1,111.57,AVARIA,DESCARTE,14.74
DEV00223,PED000974,PRD0013,2025-03-25,2025-03-31,1,170.49,ARREPENDIMENTO,REVENDAVEL,26.09
DEV00224,PED007554,PRD0008,2025-11-18,2025-11-20,1,156.99,VALIDADE,REVENDAVEL,9.8
DEV00225,PED005814,PRD0019,2025-09-18,2025-09-26,1,152.65,AVARIA,DESCARTE,34.89
DEV00226,PED013628,PRD0059,2026-04-30,2026-05-08,2,208.8,AVARIA,DESCARTE,25.16
DEV00227,PED014538,PRD0001,2026-05-24,2026-05-30,2,160.56,PRODUTO INCORRETO,REVENDAVEL,22.1
DEV00228,PED004034,PRD0157,2025-07-07,2025-07-08,1,22.25,AVARIA,REVENDAVEL,9.13
DEV00229,PED005877,PRD0006,2025-09-08,2025-09-15,1,134.28,VALIDADE,AVARIADO,19.21
DEV00230,PED000429,PRD0006,2025-02-02,2025-02-12,1,133.94,AVARIA,REVENDAVEL,10.68
DEV00231,PED001007,PRD0001,2025-03-16,2025-03-18,1,89.07,PRODUTO INCORRETO,REVENDAVEL,24.84
DEV00232,PED005593,PRD0011,2025-08-17,2025-08-18,1,104.71,,AVARIADO,8.81
DEV00233,PED013197,PRD0008,2026-05-15,2026-05-19,1,149.57,QUALIDADE,REVENDAVEL,24.03
DEV00234,PED001731,PRD0106,2025-04-12,2025-04-18,1,55.04,AVARIA,REVENDAVEL,12.79
DEV00235,PED001692,PRD0001,2025-04-04,2025-04-13,1,93.0,QUALIDADE,REVENDAVEL,12.77
DEV00236,PED010996,PRD0054,2026-03-26,2026-03-28,1,167.07,AVARIA,REVENDAVEL,27.13
DEV00237,PED014262,PRD0034,2026-05-18,2026-05-26,1,185.61,PRODUTO INCORRETO,REVENDAVEL,26.71
DEV00238,PED007887,PRD0003,2025-12-19,2025-12-20,2,254.49,VALIDADE,REVENDAVEL,22.23
DEV00239,PED005284,PRD0001,2025-08-05,2025-08-12,1,41.8,QUALIDADE,DESCARTE,27.56
DEV00240,PED001036,PRD0001,2025-02-17,2025-02-27,1,79.48,AVARIA,REVENDAVEL,19.59
DEV00241,PED014488,PRD0033,2026-06-11,2026-06-15,1,189.94,QUALIDADE,REVENDAVEL,11.41
DEV00242,PED004395,PRD0002,2025-06-25,2025-06-29,1,114.08,VALIDADE,DESCARTE,19.71
DEV00243,PED007416,PRD0014,2025-11-02,2025-11-08,1,122.45,VALIDADE,REVENDAVEL,30.0
DEV00244,PED001430,PRD0011,2025-03-10,2025-03-18,1,103.51,QUALIDADE,AVARIADO,30.07
DEV00245,PED013777,PRD0016,2026-05-29,2026-06-03,1,137.41,QUALIDADE,REVENDAVEL,25.78
DEV00246,PED009449,PRD0148,2026-01-18,2026-01-22,2,19.66,ARREPENDIMENTO,REVENDAVEL,30.22
DEV00247,PED010736,PRD0001,2026-03-03,2026-03-07,1,70.22,PRODUTO INCORRETO,REVENDAVEL,22.6
DEV00248,PED004249,PRD0002,2025-07-02,2025-07-08,1,81.51,,REVENDAVEL,16.99
DEV00249,PED006279,PRD0002,2025-09-26,2025-09-27,1,113.76,QUALIDADE,REVENDAVEL,23.01
DEV00250,PED014475,PRD0004,2026-05-29,2026-05-31,1,137.61,AVARIA,REVENDAVEL,26.68
DEV00251,PED003277,PRD0018,2025-06-07,2025-06-12,1,92.49,ARREPENDIMENTO,DESCARTE,19.3
DEV00252,PED009905,PRD0012,2026-02-08,2026-02-11,1,179.83,PRODUTO INCORRETO,AVARIADO,32.11
DEV00253,PED008353,PRD0021,2025-12-03,2025-12-13,1,93.28,VALIDADE,DESCARTE,34.32
DEV00254,PED001699,PRD0059,2025-04-23,2025-04-25,1,133.68,ARREPENDIMENTO,REVENDAVEL,33.77
DEV00255,PED000043,PRD0006,2025-01-27,2025-02-06,1,134.43,AVARIA,AVARIADO,12.83
DEV00256,PED014257,PRD0001,2026-06-13,2026-06-14,1,67.06,PRODUTO INCORRETO,DESCARTE,26.37
DEV00257,PED011367,PRD0018,2026-02-09,2026-02-14,1,79.1,AVARIA,AVARIADO,14.53
DEV00258,PED003665,PRD0021,2025-06-04,2025-06-09,1,102.17,PRODUTO INCORRETO,REVENDAVEL,22.9
DEV00259,PED009111,PRD0129,2025-12-25,2025-12-30,1,49.93,AVARIA,REVENDAVEL,27.84
DEV00260,PED006790,PRD0001,2025-09-25,2025-10-02,1,78.06,ARREPENDIMENTO,AVARIADO,33.34
DEV00261,PED003871,PRD0005,2025-06-19,2025-06-28,1,139.03,PRODUTO INCORRETO,REVENDAVEL,33.74
DEV00262,PED005870,PRD0001,2025-09-12,2025-09-14,2,164.64,ARREPENDIMENTO,REVENDAVEL,20.93
DEV00263,PED014096,PRD0003,2026-06-09,2026-06-12,1,139.39,ARREPENDIMENTO,DESCARTE,24.81
DEV00264,PED011626,PRD0090,2026-03-17,2026-03-19,1,54.6,ARREPENDIMENTO,REVENDAVEL,18.46
DEV00265,PED010450,PRD0013,2026-02-05,2026-02-13,1,175.32,AVARIA,REVENDAVEL,30.19
DEV00266,PED014752,PRD0001,2026-06-02,2026-06-08,1,82.47,ARREPENDIMENTO,REVENDAVEL,31.1
DEV00267,PED013353,PRD0018,2026-05-02,2026-05-12,1,74.2,AVARIA,DESCARTE,33.58
DEV00268,PED013138,PRD0022,2026-05-01,2026-05-11,1,91.0,ARREPENDIMENTO,REVENDAVEL,10.73
DEV00269,PED005016,PRD0001,2025-08-03,2025-08-13,1,82.45,PRODUTO INCORRETO,REVENDAVEL,12.64
DEV00270,PED003428,PRD0122,2025-06-15,2025-06-17,1,64.36,QUALIDADE,DESCARTE,29.52
DEV00271,PED001649,PRD0032,2025-04-01,2025-04-10,1,123.71,PRODUTO INCORRETO,REVENDAVEL,30.18
DEV00272,PED013818,PRD0023,2026-06-02,2026-06-06,1,185.99,PRODUTO INCORRETO,AVARIADO,12.98
DEV00273,PED009030,PRD0003,2026-01-17,2026-01-27,1,133.39,,REVENDAVEL,9.05
DEV00274,PED007679,PRD0003,2025-11-23,2025-11-29,1,125.12,PRODUTO INCORRETO,REVENDAVEL,10.18
DEV00275,PED013379,PRD0099,2026-05-12,2026-05-16,1,58.58,ARREPENDIMENTO,REVENDAVEL,15.57
DEV00276,PED013119,PRD0008,2026-05-06,2026-05-07,1,158.41,PRODUTO INCORRETO,DESCARTE,24.13
DEV00277,PED012243,PRD0008,2026-04-07,2026-04-13,1,144.88,ARREPENDIMENTO,REVENDAVEL,32.72
DEV00278,PED010360,PRD0005,2026-02-05,2026-02-11,1,147.04,QUALIDADE,REVENDAVEL,20.96
DEV00279,PED005773,PRD0132,2025-09-13,2025-09-19,1,52.55,QUALIDADE,REVENDAVEL,18.3
DEV00280,PED005465,PRD0095,2025-08-20,2025-08-30,1,21.31,PRODUTO INCORRETO,REVENDAVEL,21.23
DEV00281,PED006702,PRD0150,2025-10-03,2025-10-08,1,16.52,,AVARIADO,22.07
DEV00282,PED013407,PRD0061,2026-04-28,2026-05-06,1,108.45,ARREPENDIMENTO,REVENDAVEL,18.76
DEV00283,PED001957,PRD0001,2025-03-20,2025-03-25,1,92.25,PRODUTO INCORRETO,AVARIADO,33.28
DEV00284,PED006409,PRD0040,2025-10-23,2025-10-25,1,190.85,VALIDADE,AVARIADO,34.97
DEV00285,PED006007,PRD0063,2025-08-27,2025-09-03,1,124.89,PRODUTO INCORRETO,DESCARTE,30.51
DEV00286,PED011161,PRD0008,2026-03-08,2026-03-15,1,167.76,QUALIDADE,REVENDAVEL,18.04
DEV00287,PED003553,PRD0010,2025-06-06,2025-06-13,1,128.37,VALIDADE,REVENDAVEL,24.95
DEV00288,PED008483,PRD0060,2025-12-03,2025-12-08,1,71.46,QUALIDADE,REVENDAVEL,27.58
DEV00289,PED002509,PRD0030,2025-05-08,2025-05-18,1,141.94,ARREPENDIMENTO,AVARIADO,10.79
DEV00290,PED011492,PRD0001,2026-03-27,2026-04-03,2,183.59,ARREPENDIMENTO,AVARIADO,28.8
DEV00291,PED000072,PRD0001,2025-02-10,2025-02-16,1,91.31,QUALIDADE,REVENDAVEL,26.23
DEV00292,PED001223,PRD0011,2025-03-05,2025-03-10,1,112.55,VALIDADE,REVENDAVEL,33.22
DEV00293,PED014123,PRD0080,2026-06-23,2026-06-25,1,50.69,ARREPENDIMENTO,AVARIADO,16.99
DEV00294,PED005435,PRD0006,2025-09-02,2025-09-11,1,124.76,QUALIDADE,DESCARTE,29.51
DEV00295,PED001660,PRD0050,2025-04-08,2025-04-15,1,142.0,VALIDADE,REVENDAVEL,30.86
DEV00296,PED000270,PRD0081,2025-02-09,2025-02-12,1,78.12,QUALIDADE,REVENDAVEL,16.83
DEV00297,PED007518,PRD0009,2025-10-31,2025-11-05,1,149.35,PRODUTO INCORRETO,REVENDAVEL,31.03
DEV00298,PED003899,PRD0001,2025-07-01,2025-07-02,1,87.47,AVARIA,REVENDAVEL,29.96
DEV00299,PED005102,PRD0113,2025-07-23,2025-07-31,2,127.32,VALIDADE,REVENDAVEL,17.47
DEV00300,PED003647,PRD0079,2025-05-08,2025-05-17,1,83.85,PRODUTO INCORRETO,REVENDAVEL,12.1
DEV00301,PED004124,PRD0065,2025-07-22,2025-07-23,2,259.36,PRODUTO INCORRETO,REVENDAVEL,23.69
DEV00302,PED000874,PRD0002,2025-02-18,2025-02-28,2,222.28,AVARIA,AVARIADO,17.27
DEV00303,PED012780,PRD0001,2026-05-09,2026-05-11,2,149.98,QUALIDADE,DESCARTE,14.17
DEV00304,PED005846,PRD0008,2025-09-07,2025-09-17,1,172.19,VALIDADE,AVARIADO,30.53
DEV00305,PED011104,PRD0001,2026-02-28,2026-03-01,1,86.57,QUALIDADE,REVENDAVEL,27.86
DEV00306,PED003153,PRD0025,2025-05-24,2025-05-31,1,129.17,QUALIDADE,REVENDAVEL,31.01
DEV00307,PED011456,PRD0021,2026-02-24,2026-03-03,1,112.53,AVARIA,REVENDAVEL,15.99
DEV00308,PED011689,PRD0110,2026-02-26,2026-03-06,1,65.09,ARREPENDIMENTO,REVENDAVEL,9.01
DEV00309,PED005834,PRD0145,2025-09-14,2025-09-16,1,14.13,AVARIA,REVENDAVEL,17.12
DEV00310,PED013920,PRD0074,2026-06-12,2026-06-15,1,94.29,QUALIDADE,REVENDAVEL,26.95
DEV00311,PED012491,PRD0115,2026-04-08,2026-04-10,1,48.08,AVARIA,REVENDAVEL,22.12
DEV00312,PED002252,PRD0006,2025-05-11,2025-05-18,1,126.22,VALIDADE,AVARIADO,20.57
DEV00313,PED007213,PRD0014,2025-11-05,2025-11-14,1,120.26,AVARIA,REVENDAVEL,27.35
DEV00314,PED009100,PRD0025,2025-12-29,2026-01-04,1,126.93,PRODUTO INCORRETO,REVENDAVEL,27.88
DEV00315,PED003915,PRD0151,2025-06-15,2025-06-19,1,17.37,PRODUTO INCORRETO,REVENDAVEL,20.39
DEV00316,PED007188,PRD0136,2025-10-28,2025-11-05,1,69.41,,AVARIADO,31.75
DEV00317,PED007076,PRD0110,2025-10-30,2025-11-09,1,68.07,VALIDADE,REVENDAVEL,12.14
DEV00318,PED001376,PRD0001,2025-03-12,2025-03-17,1,77.61,ARREPENDIMENTO,REVENDAVEL,22.47
DEV00319,PED002065,PRD0059,2025-04-12,2025-04-14,1,128.48,QUALIDADE,REVENDAVEL,32.67
DEV00320,PED002248,PRD0001,2025-04-20,2025-04-28,1,82.95,QUALIDADE,REVENDAVEL,27.13
DEV00321,PED008486,PRD0014,2025-11-30,2025-12-08,2,249.15,ARREPENDIMENTO,AVARIADO,8.26
DEV00322,PED011170,PRD0106,2026-03-16,2026-03-25,1,61.06,VALIDADE,REVENDAVEL,17.13
DEV00323,PED012436,PRD0037,2026-04-19,2026-04-21,2,281.99,QUALIDADE,DESCARTE,33.27
DEV00324,PED009554,PRD0001,2026-01-20,2026-01-30,1,69.75,AVARIA,REVENDAVEL,34.85
DEV00325,PED005806,PRD0066,2025-09-07,2025-09-10,1,121.99,PRODUTO INCORRETO,DESCARTE,10.79
DEV00326,PED001174,PRD0001,2025-03-01,2025-03-05,1,87.8,ARREPENDIMENTO,REVENDAVEL,17.51
DEV00327,PED010039,PRD0017,2026-02-20,2026-02-23,1,211.66,ARREPENDIMENTO,DESCARTE,28.93
DEV00328,PED005990,PRD0005,2025-08-31,2025-09-06,2,198.4,PRODUTO INCORRETO,REVENDAVEL,8.08
DEV00329,PED004011,PRD0016,2025-06-18,2025-06-24,1,129.57,PRODUTO INCORRETO,REVENDAVEL,15.38
DEV00330,PED004401,PRD0104,2025-06-30,2025-07-09,1,8.63,QUALIDADE,REVENDAVEL,18.64
DEV00331,PED012837,PRD0002,2026-05-17,2026-05-24,1,97.38,PRODUTO INCORRETO,REVENDAVEL,34.2
DEV00332,PED007111,PRD0046,2025-11-10,2025-11-15,2,155.13,,REVENDAVEL,33.83
DEV00333,PED011260,PRD0048,2026-03-09,2026-03-12,1,76.12,QUALIDADE,REVENDAVEL,30.67
DEV00334,PED009669,PRD0011,2026-02-22,2026-02-28,1,116.05,PRODUTO INCORRETO,DESCARTE,24.06
DEV00335,PED010247,PRD0012,2026-01-26,2026-01-30,1,181.43,PRODUTO INCORRETO,REVENDAVEL,15.08
DEV00336,PED012389,PRD0004,2026-04-01,2026-04-06,1,127.38,QUALIDADE,REVENDAVEL,21.98
DEV00337,PED011426,PRD0001,2026-03-04,2026-03-11,1,90.12,PRODUTO INCORRETO,AVARIADO,9.69
DEV00338,PED011554,PRD0010,2026-02-27,2026-02-28,1,109.92,PRODUTO INCORRETO,REVENDAVEL,15.48
DEV00339,PED014718,PRD0084,2026-06-21,2026-06-24,1,0.0,QUALIDADE,REVENDAVEL,33.3
DEV00340,PED006737,PRD0001,2025-10-09,2025-10-16,1,86.94,PRODUTO INCORRETO,DESCARTE,11.52
DEV00341,PED000113,PRD0002,2025-01-31,2025-02-05,1,114.9,QUALIDADE,REVENDAVEL,10.6
DEV00342,PED007916,PRD0001,2025-12-18,2025-12-20,1,84.17,VALIDADE,DESCARTE,20.02
DEV00343,PED009240,PRD0020,2026-01-02,2026-01-05,1,107.75,AVARIA,DESCARTE,21.11
DEV00344,PED006118,PRD0004,2025-08-20,2025-08-26,1,121.32,VALIDADE,REVENDAVEL,29.0
DEV00345,PED005132,PRD0018,2025-07-18,2025-07-27,1,83.14,,AVARIADO,11.88
DEV00346,PED001222,PRD0001,2025-03-09,2025-03-16,1,86.49,AVARIA,DESCARTE,10.66
DEV00347,PED008928,PRD0021,2026-01-12,2026-01-14,1,107.24,ARREPENDIMENTO,AVARIADO,12.21
DEV00348,PED001556,PRD0002,2025-04-06,2025-04-14,1,122.98,AVARIA,REVENDAVEL,8.93
DEV00349,PED008968,PRD0002,2025-12-26,2026-01-02,1,122.53,PRODUTO INCORRETO,REVENDAVEL,25.42
DEV00350,PED001986,PRD0014,2025-03-17,2025-03-19,2,239.69,ARREPENDIMENTO,REVENDAVEL,26.8
DEV00351,PED009002,PRD0005,2026-01-19,2026-01-24,1,146.07,PRODUTO INCORRETO,DESCARTE,9.31
DEV00352,PED012959,PRD0003,2026-04-17,2026-04-27,1,133.23,AVARIA,AVARIADO,31.13
DEV00353,PED003927,PRD0086,2025-07-03,2025-07-06,1,75.42,AVARIA,DESCARTE,21.77
DEV00354,PED010013,PRD0149,2026-02-01,2026-02-11,1,24.04,AVARIA,AVARIADO,10.78
DEV00355,PED015269,PRD0090,2026-06-20,2026-06-29,1,51.78,ARREPENDIMENTO,DESCARTE,23.95
DEV00356,PED006327,PRD0040,2025-09-27,2025-10-05,1,196.58,ARREPENDIMENTO,REVENDAVEL,15.61
DEV00357,PED011827,PRD0011,2026-03-17,2026-03-18,1,102.93,PRODUTO INCORRETO,REVENDAVEL,10.43
DEV00358,PED012537,PRD0016,2026-04-11,2026-04-17,1,129.93,ARREPENDIMENTO,REVENDAVEL,27.86
DEV00359,PED012884,PRD0005,2026-04-25,2026-04-27,1,128.57,PRODUTO INCORRETO,REVENDAVEL,15.65
DEV00360,PED000277,PRD0002,2025-02-15,2025-02-21,2,213.37,ARREPENDIMENTO,REVENDAVEL,27.72
DEV00361,PED001184,PRD0001,2025-03-21,2025-03-31,1,91.62,QUALIDADE,REVENDAVEL,17.54
DEV00362,PED009578,PRD0001,2026-01-22,2026-01-30,1,69.62,AVARIA,AVARIADO,18.61
DEV00363,PED004761,PRD0001,2025-08-04,2025-08-11,1,78.87,AVARIA,REVENDAVEL,11.86
DEV00364,PED006121,PRD0012,2025-08-26,2025-09-01,1,168.13,AVARIA,REVENDAVEL,23.52
DEV00365,PED008005,PRD0001,2025-12-17,2025-12-22,1,77.85,VALIDADE,AVARIADO,24.99
DEV00366,PED006559,PRD0057,2025-10-05,2025-10-11,1,129.72,ARREPENDIMENTO,AVARIADO,20.26
DEV00367,PED002802,PRD0007,2025-04-24,2025-04-27,1,102.88,ARREPENDIMENTO,DESCARTE,13.53
DEV00368,PED006728,PRD0047,2025-10-03,2025-10-11,1,84.68,AVARIA,AVARIADO,26.11
DEV00369,PED010886,PRD0004,2026-03-19,2026-03-22,1,143.44,AVARIA,AVARIADO,22.97
DEV00370,PED011113,PRD0003,2026-03-25,2026-04-01,1,152.22,AVARIA,REVENDAVEL,17.93
DEV00371,PED008329,PRD0008,2025-12-11,2025-12-17,1,139.55,ARREPENDIMENTO,REVENDAVEL,20.84
DEV00372,PED010967,PRD0004,2026-03-15,2026-03-23,1,139.6,AVARIA,DESCARTE,11.38
DEV00373,PED008460,PRD0052,2025-11-17,2025-11-27,1,111.26,VALIDADE,REVENDAVEL,32.99
DEV00374,PED008113,PRD0020,2025-12-02,2025-12-04,1,98.35,AVARIA,REVENDAVEL,33.33
DEV00375,PED009843,PRD0032,2026-02-04,2026-02-14,1,124.89,QUALIDADE,REVENDAVEL,9.48
DEV00376,PED000247,PRD0001,2025-01-29,2025-02-03,1,90.93,QUALIDADE,REVENDAVEL,22.29
DEV00377,PED010143,PRD0077,2026-02-10,2026-02-18,2,174.02,VALIDADE,REVENDAVEL,21.15
DEV00378,PED000123,PRD0001,2025-02-09,2025-02-13,1,83.91,VALIDADE,REVENDAVEL,31.21
DEV00379,PED000829,PRD0043,2025-03-27,2025-03-31,1,73.75,PRODUTO INCORRETO,REVENDAVEL,23.87
DEV00380,PED012107,PRD0006,2026-04-03,2026-04-08,1,126.01,AVARIA,REVENDAVEL,9.05
DEV00381,PED011049,PRD0019,2026-03-16,2026-03-24,1,187.29,ARREPENDIMENTO,REVENDAVEL,31.51
DEV00382,PED011080,PRD0061,2026-03-23,2026-03-26,1,113.19,PRODUTO INCORRETO,REVENDAVEL,30.35
DEV00383,PED014404,PRD0019,2026-06-07,2026-06-16,1,185.25,QUALIDADE,REVENDAVEL,16.33
DEV00384,PED013537,PRD0001,2026-05-12,2026-05-22,2,130.19,QUALIDADE,AVARIADO,20.85
DEV00385,PED013722,PRD0026,2026-05-17,2026-05-22,2,210.64,VALIDADE,REVENDAVEL,24.84
DEV00386,PED006792,PRD0006,2025-09-26,2025-10-06,1,109.23,PRODUTO INCORRETO,REVENDAVEL,18.8
DEV00387,PED003308,PRD0002,2025-05-30,2025-06-07,1,125.17,QUALIDADE,AVARIADO,24.21
DEV00388,PED015309,PRD0045,2026-06-29,2026-07-08,1,101.08,AVARIA,REVENDAVEL,25.22
DEV00389,PED007676,PRD0024,2025-11-25,2025-12-01,1,87.06,AVARIA,DESCARTE,17.12
DEV00390,PED005085,PRD0004,2025-08-22,2025-09-01,1,112.17,PRODUTO INCORRETO,REVENDAVEL,23.01
DEV00391,PED011878,PRD0004,2026-04-04,2026-04-12,1,123.31,AVARIA,AVARIADO,25.54
DEV00392,PED011519,PRD0012,2026-02-16,2026-02-21,1,181.28,PRODUTO INCORRETO,AVARIADO,26.34
DEV00393,PED010062,PRD0002,2026-02-06,2026-02-08,1,123.54,AVARIA,AVARIADO,30.33
DEV00394,PED001293,PRD0110,2025-03-05,2025-03-06,1,67.27,QUALIDADE,REVENDAVEL,29.32
DEV00395,PED000495,PRD0003,2025-02-08,2025-02-13,1,146.23,VALIDADE,REVENDAVEL,33.06
DEV00396,PED010251,PRD0039,2026-02-02,2026-02-03,1,128.77,PRODUTO INCORRETO,DESCARTE,16.51
DEV00397,PED004402,PRD0137,2025-06-17,2025-06-25,2,66.43,PRODUTO INCORRETO,REVENDAVEL,31.88
DEV00398,PED004788,PRD0016,2025-08-22,2025-08-25,1,138.55,QUALIDADE,DESCARTE,10.05
DEV00399,PED003484,PRD0057,2025-06-05,2025-06-11,1,129.76,PRODUTO INCORRETO,REVENDAVEL,13.8
DEV00400,PED002683,PRD0025,2025-05-06,2025-05-09,1,127.17,ARREPENDIMENTO,AVARIADO,32.08
DEV00401,PED005962,PRD0069,2025-09-18,2025-09-22,1,78.12,PRODUTO INCORRETO,REVENDAVEL,23.83
DEV00402,PED013992,PRD0001,2026-06-02,2026-06-09,1,94.23,PRODUTO INCORRETO,REVENDAVEL,19.52
DEV00403,PED001274,PRD0010,2025-02-22,2025-02-24,1,120.97,QUALIDADE,REVENDAVEL,17.29
DEV00404,PED010955,PRD0006,2026-03-06,2026-03-09,1,136.35,QUALIDADE,AVARIADO,20.63
DEV00405,PED013910,PRD0167,2026-05-23,2026-06-01,2,21.2,VALIDADE,REVENDAVEL,24.75
DEV00406,PED012614,PRD0008,2026-04-07,2026-04-08,1,140.01,QUALIDADE,REVENDAVEL,19.69
DEV00407,PED005683,PRD0010,2025-08-31,2025-09-04,1,114.44,QUALIDADE,REVENDAVEL,34.68
DEV00408,PED011391,PRD0021,2026-03-04,2026-03-12,1,103.71,PRODUTO INCORRETO,DESCARTE,25.26
DEV00409,PED012078,PRD0002,2026-03-30,2026-04-07,1,107.01,AVARIA,REVENDAVEL,9.13
DEV00410,PED015173,PRD0005,2026-06-27,2026-07-06,2,281.53,ARREPENDIMENTO,AVARIADO,32.54
DEV00411,PED003419,PRD0002,2025-06-07,2025-06-11,1,111.17,VALIDADE,AVARIADO,8.48
DEV00412,PED002291,PRD0019,2025-05-08,2025-05-17,1,192.62,AVARIA,REVENDAVEL,11.09
DEV00413,PED013696,PRD0019,2026-05-08,2026-05-10,1,103.75,AVARIA,REVENDAVEL,29.52
DEV00414,PED011457,PRD0119,2026-02-21,2026-02-24,1,53.15,QUALIDADE,REVENDAVEL,12.09
DEV00415,PED014253,PRD0008,2026-05-17,2026-05-27,2,308.84,QUALIDADE,DESCARTE,19.37
DEV00416,PED002044,PRD0001,2025-04-01,2025-04-08,1,74.25,VALIDADE,REVENDAVEL,24.49
DEV00417,PED002385,PRD0035,2025-05-09,2025-05-18,1,144.78,AVARIA,AVARIADO,23.4
DEV00418,PED003026,PRD0053,2025-06-02,2025-06-06,1,114.9,ARREPENDIMENTO,AVARIADO,28.06
DEV00419,PED006891,PRD0016,2025-09-27,2025-10-06,2,233.05,PRODUTO INCORRETO,REVENDAVEL,32.76
DEV00420,PED003570,PRD0069,2025-06-20,2025-06-24,2,157.71,VALIDADE,AVARIADO,11.13
DEV00421,PED002927,PRD0031,2025-05-10,2025-05-14,1,150.38,ARREPENDIMENTO,REVENDAVEL,19.3
DEV00422,PED005459,PRD0089,2025-09-01,2025-09-03,1,79.13,AVARIA,REVENDAVEL,9.04
DEV00423,PED006453,PRD0007,2025-10-09,2025-10-11,1,91.35,AVARIA,REVENDAVEL,24.36
DEV00424,PED012955,PRD0006,2026-05-08,2026-05-17,1,120.96,AVARIA,DESCARTE,25.06
DEV00425,PED003523,PRD0013,2025-05-21,2025-05-24,2,297.09,ARREPENDIMENTO,AVARIADO,29.16
DEV00426,PED008046,PRD0027,2025-11-26,2025-12-05,1,178.2,ARREPENDIMENTO,AVARIADO,11.08
DEV00427,PED002384,PRD0104,2025-05-05,2025-05-08,1,69.93,QUALIDADE,REVENDAVEL,15.2
DEV00428,PED005124,PRD0009,2025-07-29,2025-08-03,1,136.26,QUALIDADE,REVENDAVEL,28.86
DEV00429,PED005777,PRD0003,2025-08-29,2025-09-03,1,126.71,AVARIA,REVENDAVEL,18.87
DEV00430,PED012739,PRD0001,2026-04-24,2026-05-04,1,82.83,ARREPENDIMENTO,REVENDAVEL,24.17
DEV00431,PED002602,PRD0011,2025-04-28,2025-04-30,1,114.15,AVARIA,REVENDAVEL,10.16
DEV00432,PED014166,PRD0165,2026-05-30,2026-06-02,1,18.03,QUALIDADE,REVENDAVEL,23.29
DEV00433,PED000775,PRD0009,2025-03-05,2025-03-07,1,152.61,PRODUTO INCORRETO,AVARIADO,32.11
DEV00434,PED002307,PRD0001,2025-05-01,2025-05-05,1,86.69,PRODUTO INCORRETO,REVENDAVEL,34.63
DEV00435,PED008746,PRD0156,2025-11-30,2025-12-09,2,31.35,ARREPENDIMENTO,REVENDAVEL,22.12
DEV00436,PED000337,PRD0013,2025-01-12,2025-01-18,1,147.14,PRODUTO INCORRETO,AVARIADO,13.14
DEV00437,PED007248,PRD0076,2025-11-04,2025-11-11,1,148.28,QUALIDADE,REVENDAVEL,12.25
DEV00438,PED011474,PRD0142,2026-03-05,2026-03-14,1,4.95,AVARIA,DESCARTE,25.81
DEV00439,PED011316,PRD0005,2026-03-07,2026-03-11,1,163.25,PRODUTO INCORRETO,DESCARTE,17.3
DEV00440,PED010834,PRD0009,2026-03-05,2026-03-15,1,159.19,VALIDADE,REVENDAVEL,15.03
DEV00441,PED007037,PRD0139,2025-11-08,2025-11-10,1,49.89,QUALIDADE,REVENDAVEL,34.11
DEV00442,PED013450,PRD0141,2026-05-07,2026-05-08,2,39.53,VALIDADE,REVENDAVEL,24.83
DEV00443,PED007862,PRD0031,2025-12-08,2025-12-14,1,156.14,AVARIA,AVARIADO,16.37
DEV00444,PED008823,PRD0025,2025-12-16,2025-12-22,1,0.0,ARREPENDIMENTO,REVENDAVEL,19.4
DEV00445,PED005303,PRD0085,2025-08-07,2025-08-10,1,55.5,QUALIDADE,REVENDAVEL,34.41
DEV00446,PED003753,PRD0004,2025-07-05,2025-07-08,1,127.64,VALIDADE,REVENDAVEL,32.44
DEV00447,PED010159,PRD0029,2026-01-30,2026-02-02,1,132.21,VALIDADE,REVENDAVEL,31.78
DEV00448,PED006996,PRD0001,2025-11-24,2025-12-03,1,79.33,QUALIDADE,REVENDAVEL,15.04
DEV00449,PED004197,PRD0112,2025-06-26,2025-06-27,1,66.5,VALIDADE,AVARIADO,25.55
DEV00450,PED014649,PRD0094,2026-06-10,2026-06-15,1,55.14,VALIDADE,REVENDAVEL,13.12
DEV00451,PED009569,PRD0126,2026-01-10,2026-01-11,2,83.18,AVARIA,AVARIADO,19.0
DEV00452,PED009869,PRD0012,2026-02-06,2026-02-13,1,179.78,ARREPENDIMENTO,AVARIADO,27.18
DEV00453,PED002140,PRD0016,2025-04-08,2025-04-10,1,123.78,PRODUTO INCORRETO,AVARIADO,22.26
DEV00454,PED006224,PRD0021,2025-10-08,2025-10-10,2,196.6,VALIDADE,REVENDAVEL,13.15
DEV00455,PED005026,PRD0020,2025-08-08,2025-08-13,1,108.18,ARREPENDIMENTO,AVARIADO,32.22
DEV00456,PED013543,PRD0002,2026-05-07,2026-05-12,1,114.91,ARREPENDIMENTO,DESCARTE,9.25
DEV00457,PED002243,PRD0060,2025-04-23,2025-04-27,1,74.91,AVARIA,REVENDAVEL,30.29
DEV00458,PED000892,PRD0012,2025-03-17,2025-03-22,1,190.19,VALIDADE,REVENDAVEL,28.97
DEV00459,PED003955,PRD0001,2025-06-25,2025-06-29,1,85.27,AVARIA,REVENDAVEL,14.76
DEV00460,PED002077,PRD0057,2025-04-18,2025-04-26,1,138.71,,DESCARTE,17.99
DEV00461,PED002444,PRD0016,2025-04-17,2025-04-18,1,110.58,ARREPENDIMENTO,AVARIADO,18.19
DEV00462,PED014504,PRD0110,2026-06-20,2026-06-23,1,66.29,,REVENDAVEL,13.55
DEV00463,PED008791,PRD0007,2025-12-08,2025-12-09,1,89.89,PRODUTO INCORRETO,REVENDAVEL,10.82
DEV00464,PED004269,PRD0001,2025-06-28,2025-07-06,1,85.7,AVARIA,REVENDAVEL,24.92
DEV00465,PED013672,PRD0015,2026-04-26,2026-04-29,2,301.62,ARREPENDIMENTO,DESCARTE,10.11
DEV00466,PED009332,PRD0003,2026-01-05,2026-01-14,1,149.27,AVARIA,REVENDAVEL,33.14
DEV00467,PED006220,PRD0001,2025-10-04,2025-10-09,1,83.93,ARREPENDIMENTO,AVARIADO,26.86
DEV00468,PED008491,PRD0002,2025-12-19,2025-12-27,1,113.19,,AVARIADO,14.87
DEV00469,PED005643,PRD0004,2025-08-22,2025-09-01,2,258.42,PRODUTO INCORRETO,DESCARTE,9.33
DEV00470,PED011138,PRD0003,2026-03-17,2026-03-19,2,323.71,AVARIA,AVARIADO,29.42
DEV00471,PED004380,PRD0035,2025-06-22,2025-06-29,1,104.86,VALIDADE,REVENDAVEL,33.97
DEV00472,PED001595,PRD0105,2025-03-25,2025-04-02,1,67.08,AVARIA,AVARIADO,21.98
DEV00473,PED012646,PRD0001,2026-03-20,2026-03-27,1,90.69,QUALIDADE,AVARIADO,21.5
DEV00474,PED012806,PRD0098,2026-05-03,2026-05-07,1,72.11,ARREPENDIMENTO,REVENDAVEL,14.09
DEV00475,PED010914,PRD0093,2026-03-12,2026-03-20,1,70.34,PRODUTO INCORRETO,AVARIADO,28.62
DEV00476,PED007109,PRD0007,2025-10-17,2025-10-27,1,95.85,QUALIDADE,REVENDAVEL,28.92
DEV00477,PED004262,PRD0048,2025-06-21,2025-06-22,1,67.75,PRODUTO INCORRETO,DESCARTE,20.07
DEV00478,PED000639,PRD0025,2025-01-20,2025-01-26,2,147.46,QUALIDADE,REVENDAVEL,32.71
DEV00479,PED006228,PRD0020,2025-09-26,2025-10-04,1,87.14,ARREPENDIMENTO,AVARIADO,21.71
DEV00480,PED002859,PRD0019,2025-04-21,2025-05-01,2,297.89,AVARIA,REVENDAVEL,13.59
DEV00481,PED011598,PRD0005,2026-03-08,2026-03-16,1,91.84,PRODUTO INCORRETO,AVARIADO,10.72
DEV00482,PED003832,PRD0003,2025-07-08,2025-07-11,1,134.96,ARREPENDIMENTO,REVENDAVEL,21.32
DEV00483,PED009678,PRD0002,2026-02-08,2026-02-14,1,125.27,QUALIDADE,REVENDAVEL,25.53
DEV00484,PED006150,PRD0002,2025-09-24,2025-10-03,1,108.39,VALIDADE,AVARIADO,26.62
DEV00485,PED001604,PRD0008,2025-04-23,2025-04-29,1,172.86,ARREPENDIMENTO,AVARIADO,22.76
DEV00486,PED007205,PRD0004,2025-10-28,2025-10-29,1,129.07,AVARIA,REVENDAVEL,27.99
DEV00487,PED007626,PRD0001,2025-11-13,2025-11-14,1,81.33,ARREPENDIMENTO,REVENDAVEL,10.3
DEV00488,PED004766,PRD0064,2025-08-11,2025-08-13,1,71.21,AVARIA,REVENDAVEL,26.09
DEV00489,PED002758,PRD0010,2025-05-14,2025-05-20,1,110.18,QUALIDADE,REVENDAVEL,18.04
DEV00490,PED000786,PRD0110,2025-03-13,2025-03-22,1,63.12,QUALIDADE,REVENDAVEL,33.17
DEV00491,PED007108,PRD0048,2025-11-05,2025-11-11,1,63.5,VALIDADE,REVENDAVEL,30.88
DEV00492,PED000071,PRD0119,2025-02-28,2025-03-07,2,99.88,ARREPENDIMENTO,REVENDAVEL,28.41
DEV00493,PED015066,PRD0037,2026-06-20,2026-06-28,1,156.74,QUALIDADE,REVENDAVEL,22.07
DEV00494,PED012347,PRD0004,2026-04-12,2026-04-18,1,133.2,VALIDADE,REVENDAVEL,33.34
DEV00495,PED007657,PRD0002,2025-11-20,2025-11-30,2,150.36,ARREPENDIMENTO,REVENDAVEL,29.53
DEV00496,PED002432,PRD0048,2025-05-02,2025-05-04,1,69.89,VALIDADE,DESCARTE,28.13
DEV00497,PED001265,PRD0002,2025-03-14,2025-03-19,1,124.5,VALIDADE,REVENDAVEL,27.77
DEV00498,PED009352,PRD0055,2025-12-25,2025-12-26,1,59.85,PRODUTO INCORRETO,AVARIADO,30.93
DEV00499,PED010008,PRD0065,2026-02-24,2026-02-28,1,131.35,QUALIDADE,REVENDAVEL,19.21
DEV00500,PED006057,PRD0074,2025-08-18,2025-08-24,1,61.2,ARREPENDIMENTO,REVENDAVEL,29.36
DEV00501,PED001481,PRD0004,2025-03-07,2025-03-16,2,137.54,ARREPENDIMENTO,REVENDAVEL,29.66
DEV00502,PED014070,PRD0047,2026-06-08,2026-06-09,2,267.36,VALIDADE,REVENDAVEL,9.56
DEV00503,PED009158,PRD0004,2025-12-20,2025-12-22,1,125.9,PRODUTO INCORRETO,REVENDAVEL,27.41
DEV00504,PED010413,PRD0127,2026-02-06,2026-02-09,1,48.6,AVARIA,REVENDAVEL,9.47
DEV00505,PED013009,PRD0010,2026-04-22,2026-05-01,1,102.05,VALIDADE,REVENDAVEL,11.66
DEV00506,PED003713,PRD0002,2025-05-27,2025-06-03,1,119.34,VALIDADE,REVENDAVEL,10.46
DEV00507,PED006432,PRD0003,2025-09-29,2025-10-03,1,137.8,PRODUTO INCORRETO,AVARIADO,11.31
DEV00508,PED010037,PRD0006,2026-02-11,2026-02-12,1,132.84,ARREPENDIMENTO,DESCARTE,27.59
DEV00509,PED013700,PRD0006,2026-05-14,2026-05-23,2,158.29,VALIDADE,REVENDAVEL,31.39
DEV00510,PED011877,PRD0014,2026-03-18,2026-03-27,1,114.02,PRODUTO INCORRETO,REVENDAVEL,18.1
DEV00511,PED001825,PRD0001,2025-04-23,2025-04-24,1,85.86,ARREPENDIMENTO,DESCARTE,32.34
DEV00512,PED012288,PRD0016,2026-04-01,2026-04-11,1,136.78,PRODUTO INCORRETO,REVENDAVEL,10.62
DEV00513,PED015510,PRD0054,2026-06-16,2026-06-19,1,146.71,QUALIDADE,DESCARTE,25.29
DEV00514,PED011230,PRD0005,2026-02-25,2026-03-01,1,162.46,PRODUTO INCORRETO,DESCARTE,15.92
DEV00515,PED007523,PRD0021,2025-10-17,2025-10-27,1,105.07,ARREPENDIMENTO,DESCARTE,16.96
DEV00516,PED008874,PRD0060,2026-01-13,2026-01-16,1,77.31,VALIDADE,REVENDAVEL,13.9
DEV00517,PED010708,PRD0018,2026-03-13,2026-03-17,1,89.34,PRODUTO INCORRETO,REVENDAVEL,33.25
DEV00518,PED011120,PRD0132,2026-03-03,2026-03-13,1,60.06,PRODUTO INCORRETO,REVENDAVEL,25.65
DEV00519,PED010707,PRD0010,2026-02-16,2026-02-24,1,114.08,,REVENDAVEL,26.53
DEV00520,PED007867,PRD0013,2025-12-01,2025-12-05,1,153.12,PRODUTO INCORRETO,AVARIADO,18.01
DEV00521,PED007069,PRD0010,2025-10-24,2025-10-28,2,233.61,PRODUTO INCORRETO,REVENDAVEL,34.02
DEV00522,PED006330,PRD0005,2025-10-02,2025-10-09,1,138.68,PRODUTO INCORRETO,AVARIADO,21.29
DEV00523,PED008283,PRD0016,2025-12-14,2025-12-20,1,93.0,ARREPENDIMENTO,REVENDAVEL,8.5
DEV00524,PED005206,PRD0066,2025-08-04,2025-08-13,1,117.94,ARREPENDIMENTO,REVENDAVEL,18.4
DEV00525,PED002796,PRD0001,2025-05-06,2025-05-09,1,93.82,PRODUTO INCORRETO,AVARIADO,10.8
DEV00526,PED006922,PRD0001,2025-09-28,2025-10-02,1,0.0,VALIDADE,AVARIADO,22.58
DEV00527,PED005285,PRD0071,2025-08-25,2025-08-30,1,100.72,VALIDADE,AVARIADO,12.95
DEV00528,PED008657,PRD0025,2025-12-11,2025-12-18,1,121.47,AVARIA,DESCARTE,27.67
DEV00529,PED003715,PRD0004,2025-06-10,2025-06-17,2,207.59,VALIDADE,REVENDAVEL,12.8
DEV00530,PED004411,PRD0001,2025-06-16,2025-06-18,1,82.2,VALIDADE,DESCARTE,23.64
DEV00531,PED003186,PRD0102,2025-05-24,2025-05-27,1,73.46,PRODUTO INCORRETO,AVARIADO,11.89
DEV00532,PED002528,PRD0003,2025-05-11,2025-05-18,1,137.16,ARREPENDIMENTO,AVARIADO,25.03
DEV00533,PED011321,PRD0001,2026-03-11,2026-03-16,1,90.86,PRODUTO INCORRETO,AVARIADO,26.11
DEV00534,PED002265,PRD0079,2025-05-07,2025-05-13,1,86.12,QUALIDADE,REVENDAVEL,26.79
DEV00535,PED001897,PRD0001,2025-03-20,2025-03-30,1,80.54,VALIDADE,REVENDAVEL,33.88
DEV00536,PED006304,PRD0075,2025-09-30,2025-10-01,1,122.58,,DESCARTE,34.89
DEV00537,PED006209,PRD0001,2025-10-06,2025-10-16,1,86.47,AVARIA,DESCARTE,17.79
DEV00538,PED003971,PRD0159,2025-07-11,2025-07-14,1,17.46,VALIDADE,REVENDAVEL,30.22
DEV00539,PED010524,PRD0049,2026-01-11,2026-01-20,2,107.52,VALIDADE,REVENDAVEL,9.07
DEV00540,PED011600,PRD0112,2026-03-12,2026-03-17,1,62.76,PRODUTO INCORRETO,REVENDAVEL,12.37
DEV00541,PED002543,PRD0053,2025-04-29,2025-05-01,1,108.58,VALIDADE,DESCARTE,11.62
DEV00542,PED001469,PRD0002,2025-03-03,2025-03-04,1,26.58,AVARIA,REVENDAVEL,12.59
DEV00543,PED013506,PRD0005,2026-05-14,2026-05-22,1,132.01,ARREPENDIMENTO,REVENDAVEL,32.51
DEV00544,PED012434,PRD0056,2026-04-18,2026-04-23,2,217.77,ARREPENDIMENTO,REVENDAVEL,13.72
DEV00545,PED011807,PRD0016,2026-04-14,2026-04-19,1,125.66,VALIDADE,AVARIADO,8.76
DEV00546,PED000193,PRD0013,2025-02-12,2025-02-13,1,170.5,ARREPENDIMENTO,AVARIADO,23.2
DEV00547,PED004871,PRD0034,2025-07-23,2025-07-24,1,171.52,PRODUTO INCORRETO,AVARIADO,26.0
DEV00548,PED012536,PRD0001,2026-04-01,2026-04-02,1,79.0,PRODUTO INCORRETO,REVENDAVEL,16.92
DEV00549,PED012175,PRD0006,2026-04-18,2026-04-22,1,90.99,QUALIDADE,REVENDAVEL,20.42
DEV00550,PED009956,PRD0029,2026-01-28,2026-01-31,1,143.1,ARREPENDIMENTO,REVENDAVEL,12.92
DEV00551,PED008864,PRD0007,2025-12-24,2026-01-01,1,96.63,AVARIA,REVENDAVEL,32.82
DEV00552,PED011315,PRD0016,2026-03-17,2026-03-18,1,121.39,QUALIDADE,DESCARTE,26.68
DEV00553,PED011974,PRD0005,2026-03-20,2026-03-23,2,259.56,QUALIDADE,REVENDAVEL,27.62
DEV00554,PED014045,PRD0004,2026-06-09,2026-06-19,1,120.8,AVARIA,AVARIADO,16.27
DEV00555,PED008502,PRD0029,2025-12-03,2025-12-09,1,124.25,QUALIDADE,REVENDAVEL,16.29
DEV00556,PED000605,PRD0001,2025-02-01,2025-02-10,1,90.12,AVARIA,AVARIADO,21.84
DEV00557,PED000940,PRD0055,2025-03-10,2025-03-16,1,33.83,VALIDADE,REVENDAVEL,21.16
DEV00558,PED005724,PRD0004,2025-09-21,2025-09-28,1,140.58,QUALIDADE,DESCARTE,16.91
DEV00559,PED010977,PRD0079,2026-03-02,2026-03-04,1,88.62,VALIDADE,REVENDAVEL,19.16
DEV00560,PED011709,PRD0016,2026-04-02,2026-04-03,1,133.8,VALIDADE,DESCARTE,25.24
DEV00561,PED015449,PRD0084,2026-06-28,2026-07-01,1,63.63,QUALIDADE,REVENDAVEL,22.03
DEV00562,PED003298,PRD0005,2025-06-22,2025-06-30,1,145.67,VALIDADE,REVENDAVEL,9.06
DEV00563,PED001637,PRD0004,2025-04-22,2025-04-26,1,128.58,ARREPENDIMENTO,REVENDAVEL,13.23
DEV00564,PED003697,PRD0023,2025-05-21,2025-05-30,2,218.93,ARREPENDIMENTO,AVARIADO,25.23
DEV00565,PED008141,PRD0003,2025-11-17,2025-11-26,1,124.62,,AVARIADO,33.1
DEV00566,PED002999,PRD0012,2025-05-11,2025-05-12,2,351.71,PRODUTO INCORRETO,AVARIADO,10.19
DEV00567,PED000373,PRD0007,2025-02-04,2025-02-13,1,96.9,AVARIA,REVENDAVEL,20.32
DEV00568,PED005045,PRD0002,2025-08-05,2025-08-10,2,222.29,PRODUTO INCORRETO,REVENDAVEL,21.13
DEV00569,PED003913,PRD0001,2025-06-27,2025-07-07,1,90.52,ARREPENDIMENTO,DESCARTE,25.99
DEV00570,PED004350,PRD0038,2025-07-07,2025-07-11,1,183.23,PRODUTO INCORRETO,REVENDAVEL,30.05
DEV00571,PED009918,PRD0075,2026-02-16,2026-02-18,2,262.1,QUALIDADE,REVENDAVEL,23.12
DEV00572,PED000266,PRD0040,2025-01-29,2025-02-07,1,193.71,PRODUTO INCORRETO,REVENDAVEL,18.74
DEV00573,PED009597,PRD0007,2026-01-22,2026-01-24,1,83.66,VALIDADE,REVENDAVEL,32.0
DEV00574,PED004925,PRD0003,2025-07-16,2025-07-19,1,140.17,QUALIDADE,AVARIADO,28.37
DEV00575,PED006086,PRD0008,2025-09-05,2025-09-15,1,127.06,VALIDADE,DESCARTE,16.01
DEV00576,PED000253,PRD0001,2025-02-18,2025-02-27,1,82.45,AVARIA,REVENDAVEL,26.91
DEV00577,PED000960,PRD0013,2025-02-12,2025-02-22,1,166.05,AVARIA,AVARIADO,16.64
DEV00578,PED010699,PRD0024,2026-03-05,2026-03-15,1,93.83,AVARIA,AVARIADO,31.89
DEV00579,PED003320,PRD0027,2025-06-13,2025-06-23,1,201.18,PRODUTO INCORRETO,DESCARTE,20.22
DEV00580,PED004315,PRD0033,2025-06-29,2025-07-08,1,173.35,AVARIA,REVENDAVEL,10.29
DEV00581,PED006731,PRD0002,2025-09-10,2025-09-20,1,108.88,VALIDADE,AVARIADO,29.55
DEV00582,PED009132,PRD0008,2025-12-23,2025-12-28,1,154.4,QUALIDADE,REVENDAVEL,12.42
DEV00583,PED001566,PRD0041,2025-03-19,2025-03-23,1,169.92,ARREPENDIMENTO,REVENDAVEL,26.04
DEV00584,PED013477,PRD0002,2026-04-18,2026-04-23,1,119.37,ARREPENDIMENTO,DESCARTE,20.3
DEV00585,PED000489,PRD0108,2025-01-26,2025-01-29,1,82.0,ARREPENDIMENTO,AVARIADO,20.29
DEV00586,PED012521,PRD0009,2026-03-29,2026-04-03,1,146.71,AVARIA,AVARIADO,15.42
DEV00587,PED008664,PRD0122,2025-12-04,2025-12-10,1,21.69,VALIDADE,REVENDAVEL,11.59
DEV00588,PED001141,PRD0001,2025-03-09,2025-03-13,2,169.41,QUALIDADE,REVENDAVEL,30.97
DEV00589,PED013680,PRD0060,2026-05-03,2026-05-10,1,68.67,AVARIA,REVENDAVEL,12.96
DEV00590,PED001814,PRD0005,2025-04-01,2025-04-08,1,151.42,AVARIA,REVENDAVEL,13.48
DEV00591,PED010053,PRD0029,2026-01-10,2026-01-12,1,143.71,ARREPENDIMENTO,REVENDAVEL,10.6
DEV00592,PED003998,PRD0003,2025-06-30,2025-07-04,1,136.37,ARREPENDIMENTO,REVENDAVEL,34.05
DEV00593,PED007843,PRD0033,2025-12-03,2025-12-07,1,153.16,QUALIDADE,AVARIADO,20.19
DEV00594,PED013036,PRD0043,2026-05-14,2026-05-21,1,73.92,ARREPENDIMENTO,REVENDAVEL,21.76
DEV00595,PED000967,PRD0004,2025-03-02,2025-03-05,1,135.31,QUALIDADE,AVARIADO,34.53
DEV00596,PED012015,PRD0081,2026-04-11,2026-04-15,1,73.78,AVARIA,REVENDAVEL,28.32
DEV00597,PED008131,PRD0092,2025-12-19,2025-12-21,1,56.86,ARREPENDIMENTO,REVENDAVEL,8.55
DEV00598,PED013140,PRD0004,2026-04-28,2026-04-29,1,125.85,AVARIA,REVENDAVEL,27.13
DEV00599,PED014613,PRD0018,2026-06-23,2026-06-29,1,78.68,ARREPENDIMENTO,DESCARTE,29.52
DEV00600,PED007642,PRD0004,2025-11-08,2025-11-13,2,236.26,ARREPENDIMENTO,AVARIADO,21.03
DEV00601,PED000283,PRD0029,2025-02-09,2025-02-18,1,156.13,ARREPENDIMENTO,AVARIADO,34.47
DEV00602,PED003942,PRD0001,2025-07-02,2025-07-10,1,82.37,QUALIDADE,AVARIADO,9.67
DEV00603,PED004116,PRD0057,2025-07-03,2025-07-08,1,89.6,ARREPENDIMENTO,DESCARTE,12.8
DEV00604,PED010120,PRD0073,2026-02-24,2026-03-03,1,96.16,QUALIDADE,REVENDAVEL,17.97
DEV00605,PED001984,PRD0014,2025-04-22,2025-04-27,1,112.97,VALIDADE,AVARIADO,27.91
DEV00606,PED012500,PRD0017,2026-04-19,2026-04-20,1,191.39,QUALIDADE,REVENDAVEL,20.34
DEV00607,PED011726,PRD0001,2026-03-19,2026-03-28,1,69.16,VALIDADE,AVARIADO,24.66
DEV00608,PED002422,PRD0002,2025-05-15,2025-05-20,1,122.74,AVARIA,DESCARTE,27.21
DEV00609,PED008388,PRD0018,2025-11-28,2025-12-07,1,78.94,AVARIA,REVENDAVEL,31.41
DEV00610,PED011605,PRD0001,2026-03-08,2026-03-09,1,81.3,ARREPENDIMENTO,REVENDAVEL,33.33
DEV00611,PED013761,PRD0105,2026-05-29,2026-06-06,1,64.66,QUALIDADE,REVENDAVEL,27.46
DEV00612,PED003617,PRD0013,2025-06-04,2025-06-07,1,95.81,QUALIDADE,AVARIADO,14.93
DEV00613,PED002604,PRD0068,2025-05-26,2025-06-03,1,82.52,PRODUTO INCORRETO,REVENDAVEL,14.56
DEV00614,PED001001,PRD0070,2025-03-23,2025-04-01,1,141.43,AVARIA,AVARIADO,26.36
DEV00615,PED001389,PRD0045,2025-03-14,2025-03-23,2,145.21,PRODUTO INCORRETO,REVENDAVEL,30.74
DEV00616,PED003719,PRD0002,2025-06-17,2025-06-24,1,100.88,AVARIA,REVENDAVEL,33.4
DEV00617,PED007231,PRD0141,2025-11-26,2025-12-01,1,18.71,QUALIDADE,REVENDAVEL,32.21
DEV00618,PED003024,PRD0001,2025-06-05,2025-06-12,1,93.0,QUALIDADE,REVENDAVEL,33.57
DEV00619,PED008213,PRD0094,2025-11-27,2025-12-05,1,62.28,PRODUTO INCORRETO,REVENDAVEL,26.87
DEV00620,PED000754,PRD0114,2025-03-09,2025-03-13,2,63.81,PRODUTO INCORRETO,REVENDAVEL,12.36
DEV00621,PED002034,PRD0045,2025-03-31,2025-04-04,1,106.97,VALIDADE,REVENDAVEL,16.97
DEV00622,PED003717,PRD0001,2025-05-27,2025-06-02,2,160.48,PRODUTO INCORRETO,REVENDAVEL,34.45
DEV00623,PED010101,PRD0156,2026-01-26,2026-01-29,1,20.9,AVARIA,REVENDAVEL,18.87
DEV00624,PED011717,PRD0046,2026-04-01,2026-04-05,1,91.83,VALIDADE,REVENDAVEL,9.9
DEV00625,PED010768,PRD0105,2026-03-08,2026-03-15,1,63.76,PRODUTO INCORRETO,REVENDAVEL,15.08
DEV00626,PED007256,PRD0002,2025-10-09,2025-10-15,1,111.67,AVARIA,REVENDAVEL,19.98
DEV00627,PED005579,PRD0167,2025-09-07,2025-09-13,1,11.37,VALIDADE,REVENDAVEL,16.83
DEV00628,PED009977,PRD0021,2026-01-19,2026-01-29,1,106.19,AVARIA,REVENDAVEL,12.27
DEV00629,PED002060,PRD0002,2025-03-24,2025-03-29,1,114.5,AVARIA,DESCARTE,34.0
DEV00630,PED004081,PRD0074,2025-07-18,2025-07-23,1,88.34,VALIDADE,AVARIADO,20.61
DEV00631,PED011006,PRD0035,2026-03-09,2026-03-18,2,321.57,VALIDADE,REVENDAVEL,30.68
DEV00632,PED010601,PRD0045,2026-02-08,2026-02-09,1,104.42,PRODUTO INCORRETO,REVENDAVEL,31.01
DEV00633,PED001915,PRD0001,2025-03-24,2025-03-25,1,90.54,VALIDADE,REVENDAVEL,11.66
DEV00634,PED000989,PRD0038,2025-02-28,2025-03-09,1,188.73,PRODUTO INCORRETO,REVENDAVEL,17.2
DEV00635,PED008776,PRD0009,2025-12-07,2025-12-14,2,239.35,AVARIA,AVARIADO,31.92
DEV00636,PED013335,PRD0010,2026-05-02,2026-05-07,1,111.14,VALIDADE,REVENDAVEL,16.3
DEV00637,PED013772,PRD0125,2026-06-19,2026-06-27,1,54.25,AVARIA,REVENDAVEL,11.77
DEV00638,PED013519,PRD0001,2026-04-27,2026-05-02,1,77.14,VALIDADE,REVENDAVEL,11.85
DEV00639,PED013151,PRD0125,2026-05-07,2026-05-10,1,52.56,VALIDADE,REVENDAVEL,34.84
DEV00640,PED004268,PRD0021,2025-07-16,2025-07-23,1,108.86,VALIDADE,REVENDAVEL,9.66
DEV00641,PED003516,PRD0039,2025-06-09,2025-06-16,1,119.34,ARREPENDIMENTO,DESCARTE,14.2
DEV00642,PED009251,PRD0044,2026-01-07,2026-01-17,1,72.02,QUALIDADE,REVENDAVEL,29.09
DEV00643,PED005497,PRD0003,2025-09-11,2025-09-19,2,291.04,PRODUTO INCORRETO,AVARIADO,16.18
DEV00644,PED004474,PRD0001,2025-06-24,2025-06-29,1,84.62,AVARIA,REVENDAVEL,23.51
DEV00645,PED011218,PRD0073,2026-03-07,2026-03-14,2,191.64,PRODUTO INCORRETO,REVENDAVEL,33.5
DEV00646,PED010305,PRD0004,2026-01-16,2026-01-21,1,141.49,AVARIA,AVARIADO,32.75
DEV00647,PED001737,PRD0001,2025-04-10,2025-04-20,2,166.61,AVARIA,AVARIADO,25.86
DEV00648,PED006464,PRD0001,2025-09-27,2025-10-07,1,88.92,AVARIA,REVENDAVEL,22.9
DEV00649,PED008447,PRD0013,2025-11-29,2025-12-02,1,143.28,AVARIA,AVARIADO,8.14
DEV00650,PED005293,PRD0022,2025-08-17,2025-08-18,2,135.24,VALIDADE,REVENDAVEL,34.82
