data,campanha_id,campanha,plataforma,tipo_campanha,investimento,impressoes,cliques,sessoes,pedidos_atribuidos,novos_clientes_atribuidos,receita_atribuida
2025-01-03,SEA-202501,Search 01/2025,Google Ads,SEARCH,204.0,2880,160,136,7,2,2580.01
2025-01-06,SEA-202501,Search 01/2025,Google Ads,SEARCH,204.0,2345,67,61,7,2,2580.01
2025-01-07,SEA-202501,Search 01/2025,Google Ads,SEARCH,204.0,4715,115,105,7,2,2580.01
2025-01-08,SEA-202501,Search 01/2025,Google Ads,SEARCH,204.0,3783,97,77,7,2,2580.01
2025-01-09,SEA-202501,Search 01/2025,Google Ads,SEARCH,204.0,1173,69,63,7,2,2580.01
2025-01-13,SEA-202501,Search 01/2025,Google Ads,SEARCH,204.0,4032,168,141,7,2,2580.01
2025-01-15,SEA-202501,Search 01/2025,Google Ads,SEARCH,204.0,2706,66,57,7,2,2580.01
2025-01-16,SEA-202501,Search 01/2025,Google Ads,SEARCH,204.0,1962,109,87,7,2,2580.01
2025-01-20,SEA-202501,Search 01/2025,Google Ads,SEARCH,204.0,3696,88,74,7,2,2580.01
2025-01-22,SEA-202501,Search 01/2025,Google Ads,SEARCH,204.0,2660,133,110,7,2,2580.01
2025-01-24,SEA-202501,Search 01/2025,Google Ads,SEARCH,204.0,2482,73,61,7,2,2580.01
2025-01-28,SEA-202501,Search 01/2025,Google Ads,SEARCH,204.0,3915,145,117,7,2,2580.01
2025-01-29,SEA-202501,Search 01/2025,Google Ads,SEARCH,204.0,1780,89,79,7,2,2580.01
2025-01-30,SEA-202501,Search 01/2025,Google Ads,SEARCH,204.0,2262,58,53,7,2,2580.01
2025-01-31,SEA-202501,Search 01/2025,Google Ads,SEARCH,204.0,3822,98,90,15,6,2580.05
2025-01-01,SOC-202501,Social 01/2025,Meta Ads,SOCIAL,148.0,585,39,31,4,2,1938.07
2025-01-02,SOC-202501,Social 01/2025,Meta Ads,SOCIAL,148.0,1819,107,92,4,2,1938.07
2025-01-07,SOC-202501,Social 01/2025,Meta Ads,SOCIAL,148.0,3663,111,89,4,2,1938.07
2025-01-08,SOC-202501,Social 01/2025,Meta Ads,SOCIAL,148.0,2046,93,76,4,2,1938.07
2025-01-09,SOC-202501,Social 01/2025,Meta Ads,SOCIAL,148.0,3840,120,106,4,2,1938.07
2025-01-10,SOC-202501,Social 01/2025,Meta Ads,SOCIAL,148.0,1764,63,56,4,2,1938.07
2025-01-13,SOC-202501,Social 01/2025,Meta Ads,SOCIAL,148.0,2244,102,85,4,2,1938.07
2025-01-15,SOC-202501,Social 01/2025,Meta Ads,SOCIAL,148.0,1148,41,34,4,2,1938.07
2025-01-16,SOC-202501,Social 01/2025,Meta Ads,SOCIAL,148.0,1722,42,35,4,2,1938.07
2025-01-21,SOC-202501,Social 01/2025,Meta Ads,SOCIAL,148.0,1995,57,53,4,2,1938.07
2025-01-22,SOC-202501,Social 01/2025,Meta Ads,SOCIAL,148.0,2184,52,44,4,2,1938.07
2025-01-23,SOC-202501,Social 01/2025,Meta Ads,SOCIAL,148.0,896,56,51,4,2,1938.07
2025-01-24,SOC-202501,Social 01/2025,Meta Ads,SOCIAL,148.0,833,49,39,4,2,1938.07
2025-01-29,SOC-202501,Social 01/2025,Meta Ads,SOCIAL,148.0,1340,67,57,4,2,1938.07
2025-01-31,SOC-202501,Social 01/2025,Meta Ads,SOCIAL,148.0,1961,53,43,18,2,1938.02
2025-01-01,INF-202501,Influencer 01/2025,Creators,INFLUENCER,162.67,2016,48,38,3,1,1386.71
2025-01-02,INF-202501,Influencer 01/2025,Creators,INFLUENCER,162.67,2331,111,92,3,1,1386.71
2025-01-07,INF-202501,Influencer 01/2025,Creators,INFLUENCER,162.67,1122,51,46,3,1,1386.71
2025-01-08,INF-202501,Influencer 01/2025,Creators,INFLUENCER,162.67,2730,78,65,3,1,1386.71
2025-01-10,INF-202501,Influencer 01/2025,Creators,INFLUENCER,162.67,1980,44,38,3,1,1386.71
2025-01-13,INF-202501,Influencer 01/2025,Creators,INFLUENCER,162.67,1472,46,36,3,1,1386.71
2025-01-14,INF-202501,Influencer 01/2025,Creators,INFLUENCER,162.67,1455,97,89,3,1,1386.71
2025-01-15,INF-202501,Influencer 01/2025,Creators,INFLUENCER,162.67,1428,68,57,3,1,1386.71
2025-01-16,INF-202501,Influencer 01/2025,Creators,INFLUENCER,162.67,1872,117,94,3,1,1386.71
2025-01-17,INF-202501,Influencer 01/2025,Creators,INFLUENCER,162.67,1881,99,79,3,1,1386.71
2025-01-22,INF-202501,Influencer 01/2025,Creators,INFLUENCER,162.67,1071,51,41,3,1,1386.71
2025-01-23,INF-202501,Influencer 01/2025,Creators,INFLUENCER,162.67,989,43,39,3,1,1386.71
2025-01-27,INF-202501,Influencer 01/2025,Creators,INFLUENCER,162.67,816,48,42,3,1,1386.71
2025-01-29,INF-202501,Influencer 01/2025,Creators,INFLUENCER,162.67,2465,85,77,3,1,1386.71
2025-01-30,INF-202501,Influencer 01/2025,Creators,INFLUENCER,162.62,2871,87,69,10,6,1386.75
2025-02-03,SEA-202502,Search 02/2025,Google Ads,SEARCH,150.0,1740,58,46,6,1,2275.3
2025-02-04,SEA-202502,Search 02/2025,Google Ads,SEARCH,150.0,1225,49,42,6,1,2275.3
2025-02-06,SEA-202502,Search 02/2025,Google Ads,SEARCH,150.0,1380,92,82,6,1,2275.3
2025-02-10,SEA-202502,Search 02/2025,Google Ads,SEARCH,150.0,1452,44,39,6,1,2275.3
2025-02-11,SEA-202502,Search 02/2025,Google Ads,SEARCH,150.0,2067,53,41,6,1,2275.3
2025-02-12,SEA-202502,Search 02/2025,Google Ads,SEARCH,150.0,720,40,32,6,1,2275.3
2025-02-13,SEA-202502,Search 02/2025,Google Ads,SEARCH,150.0,1222,47,40,6,1,2275.3
2025-02-14,SEA-202502,Search 02/2025,Google Ads,SEARCH,150.0,2478,59,50,6,1,2275.3
2025-02-17,SEA-202502,Search 02/2025,Google Ads,SEARCH,150.0,1326,51,43,6,1,2275.3
2025-02-18,SEA-202502,Search 02/2025,Google Ads,SEARCH,150.0,2160,90,79,6,1,2275.3
2025-02-20,SEA-202502,Search 02/2025,Google Ads,SEARCH,150.0,3534,93,84,6,1,2275.3
2025-02-21,SEA-202502,Search 02/2025,Google Ads,SEARCH,150.0,2242,59,54,6,1,2275.3
2025-02-24,SEA-202502,Search 02/2025,Google Ads,SEARCH,150.0,3201,97,78,6,1,2275.3
2025-02-25,SEA-202502,Search 02/2025,Google Ads,SEARCH,150.0,1862,49,43,6,1,2275.3
2025-02-27,SEA-202502,Search 02/2025,Google Ads,SEARCH,150.0,880,55,48,15,11,2275.34
2025-02-04,SOC-202502,Social 02/2025,Meta Ads,SOCIAL,202.27,1855,53,48,5,2,1865.6
2025-02-05,SOC-202502,Social 02/2025,Meta Ads,SOCIAL,202.27,2610,58,53,5,2,1865.6
2025-02-06,SOC-202502,Social 02/2025,Meta Ads,SOCIAL,202.27,2442,66,56,5,2,1865.6
2025-02-07,SOC-202502,Social 02/2025,Meta Ads,SOCIAL,202.27,3731,91,75,5,2,1865.6
2025-02-12,SOC-202502,Social 02/2025,Meta Ads,SOCIAL,202.27,1768,68,54,5,2,1865.6
2025-02-14,SOC-202502,Social 02/2025,Meta Ads,SOCIAL,202.27,1475,59,49,5,2,1865.6
2025-02-17,SOC-202502,Social 02/2025,Meta Ads,SOCIAL,202.27,2788,82,71,5,2,1865.6
2025-02-18,SOC-202502,Social 02/2025,Meta Ads,SOCIAL,202.27,1804,82,70,5,2,1865.6
2025-02-19,SOC-202502,Social 02/2025,Meta Ads,SOCIAL,202.27,3456,128,114,5,2,1865.6
2025-02-20,SOC-202502,Social 02/2025,Meta Ads,SOCIAL,202.27,2825,113,90,5,2,1865.6
2025-02-21,SOC-202502,Social 02/2025,Meta Ads,SOCIAL,202.27,1944,108,99,5,2,1865.6
2025-02-25,SOC-202502,Social 02/2025,Meta Ads,SOCIAL,202.27,2666,62,49,5,2,1865.6
2025-02-26,SOC-202502,Social 02/2025,Meta Ads,SOCIAL,202.27,3410,155,128,5,2,1865.6
2025-02-27,SOC-202502,Social 02/2025,Meta Ads,SOCIAL,202.27,5208,124,103,5,2,1865.6
2025-02-28,SOC-202502,Social 02/2025,Meta Ads,SOCIAL,202.22,1920,60,54,14,13,1865.63
2025-02-03,INF-202502,Influencer 02/2025,Creators,INFLUENCER,130.13,851,37,32,1,1,635.69
2025-02-04,INF-202502,Influencer 02/2025,Creators,INFLUENCER,130.13,2680,67,54,1,1,635.69
2025-02-05,INF-202502,Influencer 02/2025,Creators,INFLUENCER,130.13,774,43,35,1,1,635.69
2025-02-06,INF-202502,Influencer 02/2025,Creators,INFLUENCER,130.13,1342,61,51,1,1,635.69
2025-02-07,INF-202502,Influencer 02/2025,Creators,INFLUENCER,130.13,544,34,27,1,1,635.69
2025-02-10,INF-202502,Influencer 02/2025,Creators,INFLUENCER,130.13,2376,66,52,1,1,635.69
2025-02-11,INF-202502,Influencer 02/2025,Creators,INFLUENCER,130.13,1295,35,29,1,1,635.69
2025-02-12,INF-202502,Influencer 02/2025,Creators,INFLUENCER,130.13,1189,41,32,1,1,635.69
2025-02-14,INF-202502,Influencer 02/2025,Creators,INFLUENCER,130.13,2210,85,74,1,1,635.69
2025-02-17,INF-202502,Influencer 02/2025,Creators,INFLUENCER,130.13,765,51,47,1,1,635.69
2025-02-19,INF-202502,Influencer 02/2025,Creators,INFLUENCER,130.13,980,49,38,1,1,635.69
2025-02-25,INF-202502,Influencer 02/2025,Creators,INFLUENCER,130.13,760,40,35,1,1,635.69
2025-02-26,INF-202502,Influencer 02/2025,Creators,INFLUENCER,130.13,1900,95,74,1,1,635.69
2025-02-27,INF-202502,Influencer 02/2025,Creators,INFLUENCER,130.13,2178,99,86,1,1,635.69
2025-02-28,INF-202502,Influencer 02/2025,Creators,INFLUENCER,130.18,2754,81,64,15,2,635.69
2025-03-03,SEA-202503,Search 03/2025,Google Ads,SEARCH,156.0,902,41,34,5,1,1879.53
2025-03-04,SEA-202503,Search 03/2025,Google Ads,SEARCH,156.0,2573,83,70,5,1,1879.53
2025-03-05,SEA-202503,Search 03/2025,Google Ads,SEARCH,156.0,1600,50,41,5,1,1879.53
2025-03-06,SEA-202503,Search 03/2025,Google Ads,SEARCH,156.0,2664,72,59,5,1,1879.53
2025-03-10,SEA-202503,Search 03/2025,Google Ads,SEARCH,156.0,2592,72,56,5,1,1879.53
2025-03-11,SEA-202503,Search 03/2025,Google Ads,SEARCH,156.0,1462,43,40,5,1,1879.53
2025-03-12,SEA-202503,Search 03/2025,Google Ads,SEARCH,156.0,2352,56,48,5,1,1879.53
2025-03-14,SEA-202503,Search 03/2025,Google Ads,SEARCH,156.0,1440,48,43,5,1,1879.53
2025-03-18,SEA-202503,Search 03/2025,Google Ads,SEARCH,156.0,2072,74,62,5,1,1879.53
2025-03-20,SEA-202503,Search 03/2025,Google Ads,SEARCH,156.0,1058,46,40,5,1,1879.53
2025-03-21,SEA-202503,Search 03/2025,Google Ads,SEARCH,156.0,2850,75,65,5,1,1879.53
2025-03-24,SEA-202503,Search 03/2025,Google Ads,SEARCH,156.0,731,43,39,5,1,1879.53
2025-03-27,SEA-202503,Search 03/2025,Google Ads,SEARCH,156.0,1827,63,50,5,1,1879.53
2025-03-28,SEA-202503,Search 03/2025,Google Ads,SEARCH,156.0,3675,105,84,5,1,1879.53
2025-03-31,SEA-202503,Search 03/2025,Google Ads,SEARCH,156.0,2200,55,49,8,12,1879.56
2025-03-03,SOC-202503,Social 03/2025,Meta Ads,SOCIAL,172.67,1836,51,41,6,2,2084.92
2025-03-04,SOC-202503,Social 03/2025,Meta Ads,SOCIAL,172.67,2788,68,59,6,2,2084.92
2025-03-06,SOC-202503,Social 03/2025,Meta Ads,SOCIAL,172.67,4142,109,85,6,2,2084.92
2025-03-07,SOC-202503,Social 03/2025,Meta Ads,SOCIAL,172.67,800,50,44,6,2,2084.92
2025-03-10,SOC-202503,Social 03/2025,Meta Ads,SOCIAL,172.67,4884,111,94,6,2,2084.92
2025-03-11,SOC-202503,Social 03/2025,Meta Ads,SOCIAL,172.67,2904,88,73,6,2,2084.92
2025-03-12,SOC-202503,Social 03/2025,Meta Ads,SOCIAL,172.67,752,47,44,6,2,2084.92
2025-03-13,SOC-202503,Social 03/2025,Meta Ads,SOCIAL,172.67,4815,107,91,6,2,2084.92
2025-03-17,SOC-202503,Social 03/2025,Meta Ads,SOCIAL,172.67,2701,73,67,6,2,2084.92
2025-03-18,SOC-202503,Social 03/2025,Meta Ads,SOCIAL,172.67,5070,130,111,6,2,2084.92
2025-03-21,SOC-202503,Social 03/2025,Meta Ads,SOCIAL,172.67,1332,74,63,6,2,2084.92
2025-03-25,SOC-202503,Social 03/2025,Meta Ads,SOCIAL,172.67,1856,64,58,6,2,2084.92
2025-03-26,SOC-202503,Social 03/2025,Meta Ads,SOCIAL,172.67,2808,72,58,6,2,2084.92
2025-03-27,SOC-202503,Social 03/2025,Meta Ads,SOCIAL,172.67,3160,79,66,6,2,2084.92
2025-03-31,SOC-202503,Social 03/2025,Meta Ads,SOCIAL,172.62,2324,83,71,13,7,2084.93
2025-03-03,INF-202503,Influencer 03/2025,Creators,INFLUENCER,146.4,2482,73,59,1,1,650.11
2025-03-04,INF-202503,Influencer 03/2025,Creators,INFLUENCER,146.4,1200,40,33,1,1,650.11
2025-03-05,INF-202503,Influencer 03/2025,Creators,INFLUENCER,146.4,1040,40,35,1,1,650.11
2025-03-06,INF-202503,Influencer 03/2025,Creators,INFLUENCER,146.4,1786,47,36,1,1,650.11
2025-03-11,INF-202503,Influencer 03/2025,Creators,INFLUENCER,146.4,1372,49,43,1,1,650.11
2025-03-12,INF-202503,Influencer 03/2025,Creators,INFLUENCER,146.4,2006,59,53,1,1,650.11
2025-03-14,INF-202503,Influencer 03/2025,Creators,INFLUENCER,146.4,3230,95,78,1,1,650.11
2025-03-18,INF-202503,Influencer 03/2025,Creators,INFLUENCER,146.4,1173,51,39,1,1,650.11
2025-03-20,INF-202503,Influencer 03/2025,Creators,INFLUENCER,146.4,1599,41,36,1,1,650.11
2025-03-21,INF-202503,Influencer 03/2025,Creators,INFLUENCER,146.4,1452,44,39,1,1,650.11
2025-03-24,INF-202503,Influencer 03/2025,Creators,INFLUENCER,146.4,1305,45,35,1,1,650.11
2025-03-25,INF-202503,Influencer 03/2025,Creators,INFLUENCER,146.4,2596,59,55,1,1,650.11
2025-03-26,INF-202503,Influencer 03/2025,Creators,INFLUENCER,146.4,1584,72,65,1,1,650.11
2025-03-27,INF-202503,Influencer 03/2025,Creators,INFLUENCER,146.4,1830,61,53,1,1,650.11
2025-03-28,INF-202503,Influencer 03/2025,Creators,INFLUENCER,146.4,3286,106,98,14,4,650.08
2025-04-02,SEA-202504,Search 04/2025,Google Ads,SEARCH,204.0,4730,110,86,4,2,1814.85
2025-04-04,SEA-202504,Search 04/2025,Google Ads,SEARCH,204.0,1785,119,96,4,2,1814.85
2025-04-07,SEA-202504,Search 04/2025,Google Ads,SEARCH,204.0,3416,122,114,4,2,1814.85
2025-04-09,SEA-202504,Search 04/2025,Google Ads,SEARCH,204.0,3950,158,148,4,2,1814.85
2025-04-11,SEA-202504,Search 04/2025,Google Ads,SEARCH,204.0,2322,129,118,4,2,1814.85
2025-04-14,SEA-202504,Search 04/2025,Google Ads,SEARCH,204.0,1275,75,65,4,2,1814.85
2025-04-15,SEA-202504,Search 04/2025,Google Ads,SEARCH,204.0,1729,91,80,4,2,1814.85
2025-04-16,SEA-202504,Search 04/2025,Google Ads,SEARCH,204.0,1420,71,61,4,2,1814.85
2025-04-17,SEA-202504,Search 04/2025,Google Ads,SEARCH,204.0,4005,89,76,4,2,1814.85
2025-04-21,SEA-202504,Search 04/2025,Google Ads,SEARCH,204.0,3182,86,74,4,2,1814.85
2025-04-22,SEA-202504,Search 04/2025,Google Ads,SEARCH,204.0,2418,62,56,4,2,1814.85
2025-04-24,SEA-202504,Search 04/2025,Google Ads,SEARCH,204.0,3375,135,117,4,2,1814.85
2025-04-25,SEA-202504,Search 04/2025,Google Ads,SEARCH,204.0,4290,110,88,4,2,1814.85
2025-04-29,SEA-202504,Search 04/2025,Google Ads,SEARCH,204.0,3136,112,97,4,2,1814.85
2025-04-30,SEA-202504,Search 04/2025,Google Ads,SEARCH,204.0,1500,60,48,17,6,1814.83
2025-04-01,SOC-202504,Social 04/2025,Meta Ads,SOCIAL,152.93,1711,59,51,5,2,1837.1
2025-04-02,SOC-202504,Social 04/2025,Meta Ads,SOCIAL,152.93,3392,106,83,5,2,1837.1
2025-04-03,SOC-202504,Social 04/2025,Meta Ads,SOCIAL,152.93,2250,50,40,5,2,1837.1
2025-04-04,SOC-202504,Social 04/2025,Meta Ads,SOCIAL,152.93,1450,50,39,5,2,1837.1
2025-04-07,SOC-202504,Social 04/2025,Meta Ads,SOCIAL,152.93,1350,90,71,5,2,1837.1
2025-04-09,SOC-202504,Social 04/2025,Meta Ads,SOCIAL,152.93,1554,42,35,5,2,1837.1
2025-04-10,SOC-202504,Social 04/2025,Meta Ads,SOCIAL,152.93,1936,88,80,5,2,1837.1
2025-04-11,SOC-202504,Social 04/2025,Meta Ads,SOCIAL,152.93,1892,43,38,5,2,1837.1
2025-04-14,SOC-202504,Social 04/2025,Meta Ads,SOCIAL,152.93,3397,79,65,5,2,1837.1
2025-04-15,SOC-202504,Social 04/2025,Meta Ads,SOCIAL,152.93,966,42,37,5,2,1837.1
2025-04-17,SOC-202504,Social 04/2025,Meta Ads,SOCIAL,152.93,2125,125,112,5,2,1837.1
2025-04-21,SOC-202504,Social 04/2025,Meta Ads,SOCIAL,152.93,3800,95,89,5,2,1837.1
2025-04-22,SOC-202504,Social 04/2025,Meta Ads,SOCIAL,152.93,1827,63,56,5,2,1837.1
2025-04-25,SOC-202504,Social 04/2025,Meta Ads,SOCIAL,152.93,1736,62,56,5,2,1837.1
2025-04-30,SOC-202504,Social 04/2025,Meta Ads,SOCIAL,152.98,1517,41,33,9,3,1837.17
2025-04-01,INF-202504,Influencer 04/2025,Creators,INFLUENCER,122.0,816,48,41,1,1,469.66
2025-04-02,INF-202504,Influencer 04/2025,Creators,INFLUENCER,122.0,1849,43,33,1,1,469.66
2025-04-04,INF-202504,Influencer 04/2025,Creators,INFLUENCER,122.0,931,49,41,1,1,469.66
2025-04-07,INF-202504,Influencer 04/2025,Creators,INFLUENCER,122.0,1548,43,35,1,1,469.66
2025-04-08,INF-202504,Influencer 04/2025,Creators,INFLUENCER,122.0,2500,100,93,1,1,469.66
2025-04-10,INF-202504,Influencer 04/2025,Creators,INFLUENCER,122.0,3500,100,89,1,1,469.66
2025-04-11,INF-202504,Influencer 04/2025,Creators,INFLUENCER,122.0,3045,87,71,1,1,469.66
2025-04-18,INF-202504,Influencer 04/2025,Creators,INFLUENCER,122.0,1677,39,36,1,1,469.66
2025-04-21,INF-202504,Influencer 04/2025,Creators,INFLUENCER,122.0,814,37,34,1,1,469.66
2025-04-22,INF-202504,Influencer 04/2025,Creators,INFLUENCER,122.0,648,36,28,1,1,469.66
2025-04-23,INF-202504,Influencer 04/2025,Creators,INFLUENCER,122.0,1296,54,43,1,1,469.66
2025-04-24,INF-202504,Influencer 04/2025,Creators,INFLUENCER,122.0,1122,34,31,1,1,469.66
2025-04-25,INF-202504,Influencer 04/2025,Creators,INFLUENCER,122.0,880,44,39,1,1,469.66
2025-04-29,INF-202504,Influencer 04/2025,Creators,INFLUENCER,122.0,2430,54,48,1,1,469.66
2025-04-30,INF-202504,Influencer 04/2025,Creators,INFLUENCER,122.0,1938,51,47,10,1,469.69
2025-05-01,SEA-202505,Search 05/2025,Google Ads,SEARCH,180.0,2304,64,53,5,2,2101.7
2025-05-02,SEA-202505,Search 05/2025,Google Ads,SEARCH,180.0,3420,114,105,5,2,2101.7
2025-05-06,SEA-202505,Search 05/2025,Google Ads,SEARCH,180.0,1617,49,40,5,2,2101.7
2025-05-07,SEA-202505,Search 05/2025,Google Ads,SEARCH,180.0,2592,81,66,5,2,2101.7
2025-05-09,SEA-202505,Search 05/2025,Google Ads,SEARCH,180.0,2196,61,53,5,2,2101.7
2025-05-13,SEA-202505,Search 05/2025,Google Ads,SEARCH,180.0,1696,53,49,5,2,2101.7
2025-05-14,SEA-202505,Search 05/2025,Google Ads,SEARCH,180.0,1425,95,82,5,2,2101.7
2025-05-15,SEA-202505,Search 05/2025,Google Ads,SEARCH,180.0,3526,86,79,5,2,2101.7
2025-05-16,SEA-202505,Search 05/2025,Google Ads,SEARCH,180.0,1512,72,63,5,2,2101.7
2025-05-22,SEA-202505,Search 05/2025,Google Ads,SEARCH,180.0,3885,105,90,5,2,2101.7
2025-05-23,SEA-202505,Search 05/2025,Google Ads,SEARCH,180.0,3069,93,77,5,2,2101.7
2025-05-26,SEA-202505,Search 05/2025,Google Ads,SEARCH,180.0,2059,71,64,5,2,2101.7
2025-05-27,SEA-202505,Search 05/2025,Google Ads,SEARCH,180.0,3240,135,112,5,2,2101.7
2025-05-29,SEA-202505,Search 05/2025,Google Ads,SEARCH,180.0,1620,54,42,5,2,2101.7
2025-05-30,SEA-202505,Search 05/2025,Google Ads,SEARCH,180.0,2596,59,51,19,2,2101.67
2025-05-02,SOC-202505,Social 05/2025,Meta Ads,SOCIAL,162.8,2808,117,100,5,2,1920.61
2025-05-05,SOC-202505,Social 05/2025,Meta Ads,SOCIAL,162.8,2709,129,116,5,2,1920.61
2025-05-06,SOC-202505,Social 05/2025,Meta Ads,SOCIAL,162.8,1824,48,40,5,2,1920.61
2025-05-09,SOC-202505,Social 05/2025,Meta Ads,SOCIAL,162.8,1512,72,58,5,2,1920.61
2025-05-12,SOC-202505,Social 05/2025,Meta Ads,SOCIAL,162.8,2280,60,46,5,2,1920.61
2025-05-13,SOC-202505,Social 05/2025,Meta Ads,SOCIAL,162.8,1711,59,53,5,2,1920.61
2025-05-15,SOC-202505,Social 05/2025,Meta Ads,SOCIAL,162.8,1664,64,56,5,2,1920.61
2025-05-16,SOC-202505,Social 05/2025,Meta Ads,SOCIAL,162.8,992,62,57,5,2,1920.61
2025-05-19,SOC-202505,Social 05/2025,Meta Ads,SOCIAL,162.8,2646,63,55,5,2,1920.61
2025-05-20,SOC-202505,Social 05/2025,Meta Ads,SOCIAL,162.8,1104,46,42,5,2,1920.61
2025-05-22,SOC-202505,Social 05/2025,Meta Ads,SOCIAL,162.8,1150,50,39,5,2,1920.61
2025-05-23,SOC-202505,Social 05/2025,Meta Ads,SOCIAL,162.8,1845,45,37,5,2,1920.61
2025-05-27,SOC-202505,Social 05/2025,Meta Ads,SOCIAL,162.8,1932,46,42,5,2,1920.61
2025-05-29,SOC-202505,Social 05/2025,Meta Ads,SOCIAL,162.8,3528,98,78,5,2,1920.61
2025-05-30,SOC-202505,Social 05/2025,Meta Ads,SOCIAL,162.8,1350,45,36,12,5,1920.62
2025-05-01,INF-202505,Influencer 05/2025,Creators,INFLUENCER,195.2,2623,61,53,2,1,746.92
2025-05-06,INF-202505,Influencer 05/2025,Creators,INFLUENCER,195.2,3465,99,81,2,1,746.92
2025-05-07,INF-202505,Influencer 05/2025,Creators,INFLUENCER,195.2,3364,116,91,2,1,746.92
2025-05-08,INF-202505,Influencer 05/2025,Creators,INFLUENCER,195.2,3999,129,111,2,1,746.92
2025-05-09,INF-202505,Influencer 05/2025,Creators,INFLUENCER,195.2,1648,103,89,2,1,746.92
2025-05-12,INF-202505,Influencer 05/2025,Creators,INFLUENCER,195.2,2280,76,61,2,1,746.92
2025-05-13,INF-202505,Influencer 05/2025,Creators,INFLUENCER,195.2,3016,104,83,2,1,746.92
2025-05-14,INF-202505,Influencer 05/2025,Creators,INFLUENCER,195.2,1827,87,79,2,1,746.92
2025-05-15,INF-202505,Influencer 05/2025,Creators,INFLUENCER,195.2,2967,129,115,2,1,746.92
2025-05-16,INF-202505,Influencer 05/2025,Creators,INFLUENCER,195.2,3224,104,91,2,1,746.92
2025-05-23,INF-202505,Influencer 05/2025,Creators,INFLUENCER,195.2,5632,128,105,2,1,746.92
2025-05-26,INF-202505,Influencer 05/2025,Creators,INFLUENCER,195.2,2886,111,88,2,1,746.92
2025-05-27,INF-202505,Influencer 05/2025,Creators,INFLUENCER,195.2,5040,140,122,2,1,746.92
2025-05-29,INF-202505,Influencer 05/2025,Creators,INFLUENCER,195.2,1512,54,49,2,1,746.92
2025-05-30,INF-202505,Influencer 05/2025,Creators,INFLUENCER,195.2,1782,54,42,7,10,746.9
2025-06-02,SEA-202506,Search 06/2025,Google Ads,SEARCH,204.0,6045,155,132,6,2,2335.33
2025-06-03,SEA-202506,Search 06/2025,Google Ads,SEARCH,204.0,2679,141,120,6,2,2335.33
2025-06-04,SEA-202506,Search 06/2025,Google Ads,SEARCH,204.0,4410,105,81,6,2,2335.33
2025-06-05,SEA-202506,Search 06/2025,Google Ads,SEARCH,204.0,1800,72,56,6,2,2335.33
2025-06-06,SEA-202506,Search 06/2025,Google Ads,SEARCH,204.0,3139,73,61,6,2,2335.33
2025-06-09,SEA-202506,Search 06/2025,Google Ads,SEARCH,204.0,3080,77,63,6,2,2335.33
2025-06-10,SEA-202506,Search 06/2025,Google Ads,SEARCH,204.0,2260,113,102,6,2,2335.33
2025-06-16,SEA-202506,Search 06/2025,Google Ads,SEARCH,204.0,6232,164,134,6,2,2335.33
2025-06-17,SEA-202506,Search 06/2025,Google Ads,SEARCH,204.0,1824,57,45,6,2,2335.33
2025-06-18,SEA-202506,Search 06/2025,Google Ads,SEARCH,204.0,3264,96,87,6,2,2335.33
2025-06-19,SEA-202506,Search 06/2025,Google Ads,SEARCH,204.0,3510,78,64,6,2,2335.33
2025-06-23,SEA-202506,Search 06/2025,Google Ads,SEARCH,204.0,2040,136,114,6,2,2335.33
2025-06-24,SEA-202506,Search 06/2025,Google Ads,SEARCH,204.0,976,61,54,6,2,2335.33
2025-06-26,SEA-202506,Search 06/2025,Google Ads,SEARCH,204.0,2494,58,54,6,2,2335.33
2025-06-30,SEA-202506,Search 06/2025,Google Ads,SEARCH,204.0,1610,70,56,9,6,2335.33
2025-06-02,SOC-202506,Social 06/2025,Meta Ads,SOCIAL,93.73,1008,28,26,4,1,1384.83
2025-06-04,SOC-202506,Social 06/2025,Meta Ads,SOCIAL,93.73,1533,73,68,4,1,1384.83
2025-06-05,SOC-202506,Social 06/2025,Meta Ads,SOCIAL,93.73,375,25,20,4,1,1384.83
2025-06-09,SOC-202506,Social 06/2025,Meta Ads,SOCIAL,93.73,1189,29,23,4,1,1384.83
2025-06-10,SOC-202506,Social 06/2025,Meta Ads,SOCIAL,93.73,728,28,26,4,1,1384.83
2025-06-11,SOC-202506,Social 06/2025,Meta Ads,SOCIAL,93.73,1120,56,51,4,1,1384.83
2025-06-12,SOC-202506,Social 06/2025,Meta Ads,SOCIAL,93.73,1365,39,32,4,1,1384.83
2025-06-16,SOC-202506,Social 06/2025,Meta Ads,SOCIAL,93.73,1008,24,20,4,1,1384.83
2025-06-17,SOC-202506,Social 06/2025,Meta Ads,SOCIAL,93.73,1073,29,25,4,1,1384.83
2025-06-18,SOC-202506,Social 06/2025,Meta Ads,SOCIAL,93.73,820,41,35,4,1,1384.83
2025-06-19,SOC-202506,Social 06/2025,Meta Ads,SOCIAL,93.73,1496,44,35,4,1,1384.83
2025-06-20,SOC-202506,Social 06/2025,Meta Ads,SOCIAL,93.73,1517,41,37,4,1,1384.83
2025-06-26,SOC-202506,Social 06/2025,Meta Ads,SOCIAL,93.73,2394,63,51,4,1,1384.83
2025-06-27,SOC-202506,Social 06/2025,Meta Ads,SOCIAL,93.73,814,37,33,4,1,1384.83
2025-06-30,SOC-202506,Social 06/2025,Meta Ads,SOCIAL,93.78,725,25,19,9,5,1384.85
2025-06-03,INF-202506,Influencer 06/2025,Creators,INFLUENCER,154.53,1972,58,46,2,1,803.1
2025-06-05,INF-202506,Influencer 06/2025,Creators,INFLUENCER,154.53,2684,61,49,2,1,803.1
2025-06-06,INF-202506,Influencer 06/2025,Creators,INFLUENCER,154.53,1170,78,71,2,1,803.1
2025-06-09,INF-202506,Influencer 06/2025,Creators,INFLUENCER,154.53,1517,41,32,2,1,803.1
2025-06-10,INF-202506,Influencer 06/2025,Creators,INFLUENCER,154.53,3690,90,78,2,1,803.1
2025-06-11,INF-202506,Influencer 06/2025,Creators,INFLUENCER,154.53,2184,52,45,2,1,803.1
2025-06-12,INF-202506,Influencer 06/2025,Creators,INFLUENCER,154.53,2652,68,62,2,1,803.1
2025-06-16,INF-202506,Influencer 06/2025,Creators,INFLUENCER,154.53,3145,85,71,2,1,803.1
2025-06-17,INF-202506,Influencer 06/2025,Creators,INFLUENCER,154.53,820,41,36,2,1,803.1
2025-06-19,INF-202506,Influencer 06/2025,Creators,INFLUENCER,154.53,3552,111,87,2,1,803.1
2025-06-20,INF-202506,Influencer 06/2025,Creators,INFLUENCER,154.53,1230,41,32,2,1,803.1
2025-06-23,INF-202506,Influencer 06/2025,Creators,INFLUENCER,154.53,1792,64,52,2,1,803.1
2025-06-25,INF-202506,Influencer 06/2025,Creators,INFLUENCER,154.53,1440,40,37,2,1,803.1
2025-06-26,INF-202506,Influencer 06/2025,Creators,INFLUENCER,154.53,1806,43,37,2,1,803.1
2025-06-30,INF-202506,Influencer 06/2025,Creators,INFLUENCER,154.58,880,44,34,8,5,803.07
2025-07-01,SEA-202507,Search 07/2025,Google Ads,SEARCH,150.0,1564,46,38,5,1,2049.05
2025-07-02,SEA-202507,Search 07/2025,Google Ads,SEARCH,150.0,1768,52,43,5,1,2049.05
2025-07-03,SEA-202507,Search 07/2025,Google Ads,SEARCH,150.0,1248,52,46,5,1,2049.05
2025-07-04,SEA-202507,Search 07/2025,Google Ads,SEARCH,150.0,1230,41,32,5,1,2049.05
2025-07-10,SEA-202507,Search 07/2025,Google Ads,SEARCH,150.0,4148,122,113,5,1,2049.05
2025-07-11,SEA-202507,Search 07/2025,Google Ads,SEARCH,150.0,2430,54,46,5,1,2049.05
2025-07-14,SEA-202507,Search 07/2025,Google Ads,SEARCH,150.0,1547,91,73,5,1,2049.05
2025-07-15,SEA-202507,Search 07/2025,Google Ads,SEARCH,150.0,1215,45,36,5,1,2049.05
2025-07-18,SEA-202507,Search 07/2025,Google Ads,SEARCH,150.0,1900,50,43,5,1,2049.05
2025-07-24,SEA-202507,Search 07/2025,Google Ads,SEARCH,150.0,3731,91,82,5,1,2049.05
2025-07-25,SEA-202507,Search 07/2025,Google Ads,SEARCH,150.0,3348,124,112,5,1,2049.05
2025-07-28,SEA-202507,Search 07/2025,Google Ads,SEARCH,150.0,2232,62,49,5,1,2049.05
2025-07-29,SEA-202507,Search 07/2025,Google Ads,SEARCH,150.0,1456,56,50,5,1,2049.05
2025-07-30,SEA-202507,Search 07/2025,Google Ads,SEARCH,150.0,1104,46,37,5,1,2049.05
2025-07-31,SEA-202507,Search 07/2025,Google Ads,SEARCH,150.0,1782,54,47,10,11,2049.0
2025-07-01,SOC-202507,Social 07/2025,Meta Ads,SOCIAL,167.73,2034,113,89,5,2,1854.4
2025-07-03,SOC-202507,Social 07/2025,Meta Ads,SOCIAL,167.73,2645,115,103,5,2,1854.4
2025-07-04,SOC-202507,Social 07/2025,Meta Ads,SOCIAL,167.73,3016,104,94,5,2,1854.4
2025-07-07,SOC-202507,Social 07/2025,Meta Ads,SOCIAL,167.73,2464,112,102,5,2,1854.4
2025-07-08,SOC-202507,Social 07/2025,Meta Ads,SOCIAL,167.73,1760,44,40,5,2,1854.4
2025-07-09,SOC-202507,Social 07/2025,Meta Ads,SOCIAL,167.73,1932,46,39,5,2,1854.4
2025-07-14,SOC-202507,Social 07/2025,Meta Ads,SOCIAL,167.73,2537,59,54,5,2,1854.4
2025-07-15,SOC-202507,Social 07/2025,Meta Ads,SOCIAL,167.73,1536,64,50,5,2,1854.4
2025-07-16,SOC-202507,Social 07/2025,Meta Ads,SOCIAL,167.73,2478,59,51,5,2,1854.4
2025-07-17,SOC-202507,Social 07/2025,Meta Ads,SOCIAL,167.73,2450,98,77,5,2,1854.4
2025-07-18,SOC-202507,Social 07/2025,Meta Ads,SOCIAL,167.73,1716,66,55,5,2,1854.4
2025-07-24,SOC-202507,Social 07/2025,Meta Ads,SOCIAL,167.73,836,44,36,5,2,1854.4
2025-07-25,SOC-202507,Social 07/2025,Meta Ads,SOCIAL,167.73,1458,54,50,5,2,1854.4
2025-07-28,SOC-202507,Social 07/2025,Meta Ads,SOCIAL,167.73,3572,94,83,5,2,1854.4
2025-07-30,SOC-202507,Social 07/2025,Meta Ads,SOCIAL,167.78,1716,44,35,10,6,1854.39
2025-07-03,INF-202507,Influencer 07/2025,Creators,INFLUENCER,130.13,1974,47,43,2,1,948.9
2025-07-04,INF-202507,Influencer 07/2025,Creators,INFLUENCER,130.13,1275,75,62,2,1,948.9
2025-07-07,INF-202507,Influencer 07/2025,Creators,INFLUENCER,130.13,1591,43,36,2,1,948.9
2025-07-08,INF-202507,Influencer 07/2025,Creators,INFLUENCER,130.13,1624,58,45,2,1,948.9
2025-07-14,INF-202507,Influencer 07/2025,Creators,INFLUENCER,130.13,2277,69,57,2,1,948.9
2025-07-15,INF-202507,Influencer 07/2025,Creators,INFLUENCER,130.13,2088,87,76,2,1,948.9
2025-07-16,INF-202507,Influencer 07/2025,Creators,INFLUENCER,130.13,1660,83,75,2,1,948.9
2025-07-18,INF-202507,Influencer 07/2025,Creators,INFLUENCER,130.13,1080,45,36,2,1,948.9
2025-07-21,INF-202507,Influencer 07/2025,Creators,INFLUENCER,130.13,1813,49,44,2,1,948.9
2025-07-23,INF-202507,Influencer 07/2025,Creators,INFLUENCER,130.13,2241,83,67,2,1,948.9
2025-07-24,INF-202507,Influencer 07/2025,Creators,INFLUENCER,130.13,1316,47,41,2,1,948.9
2025-07-25,INF-202507,Influencer 07/2025,Creators,INFLUENCER,130.13,615,41,33,2,1,948.9
2025-07-28,INF-202507,Influencer 07/2025,Creators,INFLUENCER,130.13,888,37,30,2,1,948.9
2025-07-29,INF-202507,Influencer 07/2025,Creators,INFLUENCER,130.13,1755,39,34,2,1,948.9
2025-07-31,INF-202507,Influencer 07/2025,Creators,INFLUENCER,130.18,960,40,33,9,2,948.9
2025-08-05,SEA-202508,Search 08/2025,Google Ads,SEARCH,168.0,4116,98,86,6,1,2653.89
2025-08-07,SEA-202508,Search 08/2025,Google Ads,SEARCH,168.0,1274,49,40,6,1,2653.89
2025-08-08,SEA-202508,Search 08/2025,Google Ads,SEARCH,168.0,2640,60,51,6,1,2653.89
2025-08-11,SEA-202508,Search 08/2025,Google Ads,SEARCH,168.0,3120,78,66,6,1,2653.89
2025-08-12,SEA-202508,Search 08/2025,Google Ads,SEARCH,168.0,3256,88,76,6,1,2653.89
2025-08-13,SEA-202508,Search 08/2025,Google Ads,SEARCH,168.0,3422,118,107,6,1,2653.89
2025-08-18,SEA-202508,Search 08/2025,Google Ads,SEARCH,168.0,2144,67,58,6,1,2653.89
2025-08-19,SEA-202508,Search 08/2025,Google Ads,SEARCH,168.0,4100,100,88,6,1,2653.89
2025-08-20,SEA-202508,Search 08/2025,Google Ads,SEARCH,168.0,2940,70,56,6,1,2653.89
2025-08-21,SEA-202508,Search 08/2025,Google Ads,SEARCH,168.0,828,46,36,6,1,2653.89
2025-08-22,SEA-202508,Search 08/2025,Google Ads,SEARCH,168.0,1248,48,45,6,1,2653.89
2025-08-26,SEA-202508,Search 08/2025,Google Ads,SEARCH,168.0,1248,52,47,6,1,2653.89
2025-08-27,SEA-202508,Search 08/2025,Google Ads,SEARCH,168.0,2720,80,71,6,1,2653.89
2025-08-28,SEA-202508,Search 08/2025,Google Ads,SEARCH,168.0,1224,51,46,6,1,2653.89
2025-08-29,SEA-202508,Search 08/2025,Google Ads,SEARCH,168.0,2928,122,109,12,14,2653.93
2025-08-04,SOC-202508,Social 08/2025,Meta Ads,SOCIAL,276.27,1577,83,71,7,3,2555.69
2025-08-06,SOC-202508,Social 08/2025,Meta Ads,SOCIAL,276.27,7455,213,198,7,3,2555.69
2025-08-07,SOC-202508,Social 08/2025,Meta Ads,SOCIAL,276.27,3256,88,79,7,3,2555.69
2025-08-08,SOC-202508,Social 08/2025,Meta Ads,SOCIAL,276.27,4560,114,99,7,3,2555.69
2025-08-11,SOC-202508,Social 08/2025,Meta Ads,SOCIAL,276.27,5762,134,111,7,3,2555.69
2025-08-12,SOC-202508,Social 08/2025,Meta Ads,SOCIAL,276.27,1802,106,93,7,3,2555.69
2025-08-13,SOC-202508,Social 08/2025,Meta Ads,SOCIAL,276.27,1680,80,74,7,3,2555.69
2025-08-15,SOC-202508,Social 08/2025,Meta Ads,SOCIAL,276.27,3801,181,150,7,3,2555.69
2025-08-18,SOC-202508,Social 08/2025,Meta Ads,SOCIAL,276.27,3663,99,91,7,3,2555.69
2025-08-19,SOC-202508,Social 08/2025,Meta Ads,SOCIAL,276.27,2925,195,179,7,3,2555.69
2025-08-21,SOC-202508,Social 08/2025,Meta Ads,SOCIAL,276.27,3720,124,108,7,3,2555.69
2025-08-22,SOC-202508,Social 08/2025,Meta Ads,SOCIAL,276.27,4343,101,87,7,3,2555.69
2025-08-25,SOC-202508,Social 08/2025,Meta Ads,SOCIAL,276.27,1932,84,73,7,3,2555.69
2025-08-27,SOC-202508,Social 08/2025,Meta Ads,SOCIAL,276.27,2544,106,90,7,3,2555.69
2025-08-28,SOC-202508,Social 08/2025,Meta Ads,SOCIAL,276.22,2800,112,96,7,14,2555.75
2025-08-01,INF-202508,Influencer 08/2025,Creators,INFLUENCER,154.53,2331,63,59,2,1,830.48
2025-08-04,INF-202508,Influencer 08/2025,Creators,INFLUENCER,154.53,2352,84,73,2,1,830.48
2025-08-06,INF-202508,Influencer 08/2025,Creators,INFLUENCER,154.53,3564,108,100,2,1,830.48
2025-08-07,INF-202508,Influencer 08/2025,Creators,INFLUENCER,154.53,986,58,50,2,1,830.48
2025-08-08,INF-202508,Influencer 08/2025,Creators,INFLUENCER,154.53,2185,95,82,2,1,830.48
2025-08-11,INF-202508,Influencer 08/2025,Creators,INFLUENCER,154.53,987,47,43,2,1,830.48
2025-08-12,INF-202508,Influencer 08/2025,Creators,INFLUENCER,154.53,4000,100,82,2,1,830.48
2025-08-13,INF-202508,Influencer 08/2025,Creators,INFLUENCER,154.53,1296,54,42,2,1,830.48
2025-08-15,INF-202508,Influencer 08/2025,Creators,INFLUENCER,154.53,2349,87,69,2,1,830.48
2025-08-19,INF-202508,Influencer 08/2025,Creators,INFLUENCER,154.53,1188,44,34,2,1,830.48
2025-08-20,INF-202508,Influencer 08/2025,Creators,INFLUENCER,154.53,1800,72,59,2,1,830.48
2025-08-22,INF-202508,Influencer 08/2025,Creators,INFLUENCER,154.53,2108,68,59,2,1,830.48
2025-08-26,INF-202508,Influencer 08/2025,Creators,INFLUENCER,154.53,1344,48,42,2,1,830.48
2025-08-27,INF-202508,Influencer 08/2025,Creators,INFLUENCER,154.53,2150,50,44,2,1,830.48
2025-08-29,INF-202508,Influencer 08/2025,Creators,INFLUENCER,154.58,1815,55,51,9,5,830.49
2025-09-01,SEA-202509,Search 09/2025,Google Ads,SEARCH,192.0,4181,113,97,6,2,2308.99
2025-09-02,SEA-202509,Search 09/2025,Google Ads,SEARCH,192.0,2368,64,56,6,2,2308.99
2025-09-04,SEA-202509,Search 09/2025,Google Ads,SEARCH,192.0,5066,149,124,6,2,2308.99
2025-09-05,SEA-202509,Search 09/2025,Google Ads,SEARCH,192.0,5472,152,130,6,2,2308.99
2025-09-09,SEA-202509,Search 09/2025,Google Ads,SEARCH,192.0,2175,75,60,6,2,2308.99
2025-09-10,SEA-202509,Search 09/2025,Google Ads,SEARCH,192.0,2279,53,46,6,2,2308.99
2025-09-12,SEA-202509,Search 09/2025,Google Ads,SEARCH,192.0,1600,64,52,6,2,2308.99
2025-09-15,SEA-202509,Search 09/2025,Google Ads,SEARCH,192.0,2280,114,92,6,2,2308.99
2025-09-18,SEA-202509,Search 09/2025,Google Ads,SEARCH,192.0,3026,89,80,6,2,2308.99
2025-09-19,SEA-202509,Search 09/2025,Google Ads,SEARCH,192.0,2640,110,89,6,2,2308.99
2025-09-23,SEA-202509,Search 09/2025,Google Ads,SEARCH,192.0,3024,72,57,6,2,2308.99
2025-09-24,SEA-202509,Search 09/2025,Google Ads,SEARCH,192.0,1586,61,54,6,2,2308.99
2025-09-25,SEA-202509,Search 09/2025,Google Ads,SEARCH,192.0,1024,64,50,6,2,2308.99
2025-09-26,SEA-202509,Search 09/2025,Google Ads,SEARCH,192.0,2774,73,66,6,2,2308.99
2025-09-29,SEA-202509,Search 09/2025,Google Ads,SEARCH,192.0,1340,67,56,8,4,2308.98
2025-09-01,SOC-202509,Social 09/2025,Meta Ads,SOCIAL,217.07,3584,128,113,6,2,2284.6
2025-09-04,SOC-202509,Social 09/2025,Meta Ads,SOCIAL,217.07,1536,96,90,6,2,2284.6
2025-09-08,SOC-202509,Social 09/2025,Meta Ads,SOCIAL,217.07,1919,101,88,6,2,2284.6
2025-09-09,SOC-202509,Social 09/2025,Meta Ads,SOCIAL,217.07,2665,65,54,6,2,2284.6
2025-09-10,SOC-202509,Social 09/2025,Meta Ads,SOCIAL,217.07,3913,91,75,6,2,2284.6
2025-09-11,SOC-202509,Social 09/2025,Meta Ads,SOCIAL,217.07,6075,135,119,6,2,2284.6
2025-09-12,SOC-202509,Social 09/2025,Meta Ads,SOCIAL,217.07,2847,73,66,6,2,2284.6
2025-09-15,SOC-202509,Social 09/2025,Meta Ads,SOCIAL,217.07,3132,87,78,6,2,2284.6
2025-09-17,SOC-202509,Social 09/2025,Meta Ads,SOCIAL,217.07,3567,87,69,6,2,2284.6
2025-09-19,SOC-202509,Social 09/2025,Meta Ads,SOCIAL,217.07,7434,177,157,6,2,2284.6
2025-09-22,SOC-202509,Social 09/2025,Meta Ads,SOCIAL,217.07,2781,103,82,6,2,2284.6
2025-09-24,SOC-202509,Social 09/2025,Meta Ads,SOCIAL,217.07,4797,123,111,6,2,2284.6
2025-09-25,SOC-202509,Social 09/2025,Meta Ads,SOCIAL,217.07,1806,86,75,6,2,2284.6
2025-09-29,SOC-202509,Social 09/2025,Meta Ads,SOCIAL,217.07,2958,87,78,6,2,2284.6
2025-09-30,SOC-202509,Social 09/2025,Meta Ads,SOCIAL,217.02,7040,176,138,17,16,2284.65
2025-09-03,INF-202509,Influencer 09/2025,Creators,INFLUENCER,146.4,1302,42,36,1,1,642.14
2025-09-08,INF-202509,Influencer 09/2025,Creators,INFLUENCER,146.4,4800,120,103,1,1,642.14
2025-09-10,INF-202509,Influencer 09/2025,Creators,INFLUENCER,146.4,4264,104,96,1,1,642.14
2025-09-11,INF-202509,Influencer 09/2025,Creators,INFLUENCER,146.4,2310,55,44,1,1,642.14
2025-09-12,INF-202509,Influencer 09/2025,Creators,INFLUENCER,146.4,1012,44,35,1,1,642.14
2025-09-15,INF-202509,Influencer 09/2025,Creators,INFLUENCER,146.4,3720,120,98,1,1,642.14
2025-09-17,INF-202509,Influencer 09/2025,Creators,INFLUENCER,146.4,1935,43,40,1,1,642.14
2025-09-18,INF-202509,Influencer 09/2025,Creators,INFLUENCER,146.4,2700,100,82,1,1,642.14
2025-09-19,INF-202509,Influencer 09/2025,Creators,INFLUENCER,146.4,1904,68,57,1,1,642.14
2025-09-22,INF-202509,Influencer 09/2025,Creators,INFLUENCER,146.4,2730,70,62,1,1,642.14
2025-09-24,INF-202509,Influencer 09/2025,Creators,INFLUENCER,146.4,2886,78,68,1,1,642.14
2025-09-25,INF-202509,Influencer 09/2025,Creators,INFLUENCER,146.4,1860,60,52,1,1,642.14
2025-09-26,INF-202509,Influencer 09/2025,Creators,INFLUENCER,146.4,1300,52,43,1,1,642.14
2025-09-29,INF-202509,Influencer 09/2025,Creators,INFLUENCER,146.4,1120,40,35,1,1,642.14
2025-09-30,INF-202509,Influencer 09/2025,Creators,INFLUENCER,146.4,1806,42,39,15,4,642.16
2025-10-01,SEA-202510,Search 10/2025,Google Ads,SEARCH,180.0,2756,106,92,5,2,2144.4
2025-10-02,SEA-202510,Search 10/2025,Google Ads,SEARCH,180.0,1500,60,56,5,2,2144.4
2025-10-03,SEA-202510,Search 10/2025,Google Ads,SEARCH,180.0,1785,51,43,5,2,2144.4
2025-10-07,SEA-202510,Search 10/2025,Google Ads,SEARCH,180.0,2352,56,50,5,2,2144.4
2025-10-10,SEA-202510,Search 10/2025,Google Ads,SEARCH,180.0,4158,99,90,5,2,2144.4
2025-10-15,SEA-202510,Search 10/2025,Google Ads,SEARCH,180.0,2001,87,68,5,2,2144.4
2025-10-16,SEA-202510,Search 10/2025,Google Ads,SEARCH,180.0,2310,66,58,5,2,2144.4
2025-10-17,SEA-202510,Search 10/2025,Google Ads,SEARCH,180.0,2788,68,56,5,2,2144.4
2025-10-20,SEA-202510,Search 10/2025,Google Ads,SEARCH,180.0,1914,66,57,5,2,2144.4
2025-10-21,SEA-202510,Search 10/2025,Google Ads,SEARCH,180.0,2482,73,66,5,2,2144.4
2025-10-22,SEA-202510,Search 10/2025,Google Ads,SEARCH,180.0,1848,56,50,5,2,2144.4
2025-10-23,SEA-202510,Search 10/2025,Google Ads,SEARCH,180.0,3300,75,60,5,2,2144.4
2025-10-24,SEA-202510,Search 10/2025,Google Ads,SEARCH,180.0,1200,75,58,5,2,2144.4
2025-10-30,SEA-202510,Search 10/2025,Google Ads,SEARCH,180.0,2013,61,47,5,2,2144.4
2025-10-31,SEA-202510,Search 10/2025,Google Ads,SEARCH,180.0,1664,64,54,16,2,2144.44
2025-10-01,SOC-202510,Social 10/2025,Meta Ads,SOCIAL,226.93,2640,88,77,6,3,2284.87
2025-10-02,SOC-202510,Social 10/2025,Meta Ads,SOCIAL,226.93,6232,164,133,6,3,2284.87
2025-10-03,SOC-202510,Social 10/2025,Meta Ads,SOCIAL,226.93,2627,71,63,6,3,2284.87
2025-10-06,SOC-202510,Social 10/2025,Meta Ads,SOCIAL,226.93,1880,94,83,6,3,2284.87
2025-10-09,SOC-202510,Social 10/2025,Meta Ads,SOCIAL,226.93,2210,65,54,6,3,2284.87
2025-10-10,SOC-202510,Social 10/2025,Meta Ads,SOCIAL,226.93,3441,111,91,6,3,2284.87
2025-10-13,SOC-202510,Social 10/2025,Meta Ads,SOCIAL,226.93,1900,76,69,6,3,2284.87
2025-10-15,SOC-202510,Social 10/2025,Meta Ads,SOCIAL,226.93,3680,92,76,6,3,2284.87
2025-10-16,SOC-202510,Social 10/2025,Meta Ads,SOCIAL,226.93,3250,125,116,6,3,2284.87
2025-10-20,SOC-202510,Social 10/2025,Meta Ads,SOCIAL,226.93,1700,68,58,6,3,2284.87
2025-10-21,SOC-202510,Social 10/2025,Meta Ads,SOCIAL,226.93,4851,147,133,6,3,2284.87
2025-10-23,SOC-202510,Social 10/2025,Meta Ads,SOCIAL,226.93,3480,174,141,6,3,2284.87
2025-10-27,SOC-202510,Social 10/2025,Meta Ads,SOCIAL,226.93,2295,85,76,6,3,2284.87
2025-10-28,SOC-202510,Social 10/2025,Meta Ads,SOCIAL,226.93,2318,61,56,6,3,2284.87
2025-10-29,SOC-202510,Social 10/2025,Meta Ads,SOCIAL,226.98,1827,63,54,17,4,2284.87
2025-10-01,INF-202510,Influencer 10/2025,Creators,INFLUENCER,105.73,2112,48,41,1,0,647.83
2025-10-02,INF-202510,Influencer 10/2025,Creators,INFLUENCER,105.73,2496,64,52,1,0,647.83
2025-10-07,INF-202510,Influencer 10/2025,Creators,INFLUENCER,105.73,1102,58,53,1,0,647.83
2025-10-08,INF-202510,Influencer 10/2025,Creators,INFLUENCER,105.73,700,35,28,1,0,647.83
2025-10-10,INF-202510,Influencer 10/2025,Creators,INFLUENCER,105.73,988,52,40,1,0,647.83
2025-10-13,INF-202510,Influencer 10/2025,Creators,INFLUENCER,105.73,1110,30,27,1,0,647.83
2025-10-14,INF-202510,Influencer 10/2025,Creators,INFLUENCER,105.73,777,37,31,1,0,647.83
2025-10-15,INF-202510,Influencer 10/2025,Creators,INFLUENCER,105.73,476,28,24,1,0,647.83
2025-10-17,INF-202510,Influencer 10/2025,Creators,INFLUENCER,105.73,2340,65,51,1,0,647.83
2025-10-21,INF-202510,Influencer 10/2025,Creators,INFLUENCER,105.73,1015,29,25,1,0,647.83
2025-10-22,INF-202510,Influencer 10/2025,Creators,INFLUENCER,105.73,1190,35,30,1,0,647.83
2025-10-23,INF-202510,Influencer 10/2025,Creators,INFLUENCER,105.73,903,43,39,1,0,647.83
2025-10-27,INF-202510,Influencer 10/2025,Creators,INFLUENCER,105.73,945,45,40,1,0,647.83
2025-10-29,INF-202510,Influencer 10/2025,Creators,INFLUENCER,105.73,1156,34,29,1,0,647.83
2025-10-31,INF-202510,Influencer 10/2025,Creators,INFLUENCER,105.78,1040,40,34,14,13,647.9
2025-11-05,SEA-202511,Search 11/2025,Google Ads,SEARCH,222.0,1886,82,75,9,2,3354.21
2025-11-07,SEA-202511,Search 11/2025,Google Ads,SEARCH,222.0,2254,98,84,9,2,3354.21
2025-11-11,SEA-202511,Search 11/2025,Google Ads,SEARCH,222.0,3150,175,144,9,2,3354.21
2025-11-12,SEA-202511,Search 11/2025,Google Ads,SEARCH,222.0,5134,151,127,9,2,3354.21
2025-11-13,SEA-202511,Search 11/2025,Google Ads,SEARCH,222.0,2346,69,62,9,2,3354.21
2025-11-14,SEA-202511,Search 11/2025,Google Ads,SEARCH,222.0,2001,87,71,9,2,3354.21
2025-11-17,SEA-202511,Search 11/2025,Google Ads,SEARCH,222.0,4428,123,98,9,2,3354.21
2025-11-18,SEA-202511,Search 11/2025,Google Ads,SEARCH,222.0,1836,102,94,9,2,3354.21
2025-11-19,SEA-202511,Search 11/2025,Google Ads,SEARCH,222.0,5184,162,135,9,2,3354.21
2025-11-21,SEA-202511,Search 11/2025,Google Ads,SEARCH,222.0,3182,86,72,9,2,3354.21
2025-11-24,SEA-202511,Search 11/2025,Google Ads,SEARCH,222.0,3560,178,150,9,2,3354.21
2025-11-25,SEA-202511,Search 11/2025,Google Ads,SEARCH,222.0,4452,106,88,9,2,3354.21
2025-11-26,SEA-202511,Search 11/2025,Google Ads,SEARCH,222.0,1840,92,81,9,2,3354.21
2025-11-27,SEA-202511,Search 11/2025,Google Ads,SEARCH,222.0,1995,95,86,9,2,3354.21
2025-11-28,SEA-202511,Search 11/2025,Google Ads,SEARCH,222.0,4340,155,141,22,9,3354.28
2025-11-03,SOC-202511,Social 11/2025,Meta Ads,SOCIAL,202.27,2546,67,57,7,2,2339.27
2025-11-04,SOC-202511,Social 11/2025,Meta Ads,SOCIAL,202.27,2112,64,58,7,2,2339.27
2025-11-05,SOC-202511,Social 11/2025,Meta Ads,SOCIAL,202.27,2924,68,54,7,2,2339.27
2025-11-07,SOC-202511,Social 11/2025,Meta Ads,SOCIAL,202.27,1950,78,71,7,2,2339.27
2025-11-11,SOC-202511,Social 11/2025,Meta Ads,SOCIAL,202.27,3534,114,99,7,2,2339.27
2025-11-12,SOC-202511,Social 11/2025,Meta Ads,SOCIAL,202.27,2125,85,69,7,2,2339.27
2025-11-13,SOC-202511,Social 11/2025,Meta Ads,SOCIAL,202.27,3520,160,149,7,2,2339.27
2025-11-14,SOC-202511,Social 11/2025,Meta Ads,SOCIAL,202.27,2556,142,129,7,2,2339.27
2025-11-17,SOC-202511,Social 11/2025,Meta Ads,SOCIAL,202.27,1512,63,52,7,2,2339.27
2025-11-18,SOC-202511,Social 11/2025,Meta Ads,SOCIAL,202.27,1260,70,56,7,2,2339.27
2025-11-19,SOC-202511,Social 11/2025,Meta Ads,SOCIAL,202.27,1911,91,80,7,2,2339.27
2025-11-21,SOC-202511,Social 11/2025,Meta Ads,SOCIAL,202.27,2394,126,99,7,2,2339.27
2025-11-24,SOC-202511,Social 11/2025,Meta Ads,SOCIAL,202.27,3526,86,73,7,2,2339.27
2025-11-27,SOC-202511,Social 11/2025,Meta Ads,SOCIAL,202.27,1026,57,45,7,2,2339.27
2025-11-28,SOC-202511,Social 11/2025,Meta Ads,SOCIAL,202.22,3968,128,100,18,13,2339.24
2025-11-04,INF-202511,Influencer 11/2025,Creators,INFLUENCER,170.8,2660,95,75,3,1,956.89
2025-11-05,INF-202511,Influencer 11/2025,Creators,INFLUENCER,170.8,1785,105,93,3,1,956.89
2025-11-06,INF-202511,Influencer 11/2025,Creators,INFLUENCER,170.8,2214,54,42,3,1,956.89
2025-11-07,INF-202511,Influencer 11/2025,Creators,INFLUENCER,170.8,2560,64,50,3,1,956.89
2025-11-10,INF-202511,Influencer 11/2025,Creators,INFLUENCER,170.8,3024,126,98,3,1,956.89
2025-11-11,INF-202511,Influencer 11/2025,Creators,INFLUENCER,170.8,1116,62,53,3,1,956.89
2025-11-12,INF-202511,Influencer 11/2025,Creators,INFLUENCER,170.8,3404,92,74,3,1,956.89
2025-11-14,INF-202511,Influencer 11/2025,Creators,INFLUENCER,170.8,1392,58,50,3,1,956.89
2025-11-17,INF-202511,Influencer 11/2025,Creators,INFLUENCER,170.8,6072,138,123,3,1,956.89
2025-11-18,INF-202511,Influencer 11/2025,Creators,INFLUENCER,170.8,2289,109,95,3,1,956.89
2025-11-20,INF-202511,Influencer 11/2025,Creators,INFLUENCER,170.8,1600,50,45,3,1,956.89
2025-11-21,INF-202511,Influencer 11/2025,Creators,INFLUENCER,170.8,2160,48,39,3,1,956.89
2025-11-24,INF-202511,Influencer 11/2025,Creators,INFLUENCER,170.8,4556,134,120,3,1,956.89
2025-11-25,INF-202511,Influencer 11/2025,Creators,INFLUENCER,170.8,4998,119,95,3,1,956.89
2025-11-26,INF-202511,Influencer 11/2025,Creators,INFLUENCER,170.8,1794,78,69,3,7,956.92
2025-12-01,SEA-202512,Search 12/2025,Google Ads,SEARCH,216.0,2877,137,123,5,2,1718.26
2025-12-02,SEA-202512,Search 12/2025,Google Ads,SEARCH,216.0,4578,109,97,5,2,1718.26
2025-12-03,SEA-202512,Search 12/2025,Google Ads,SEARCH,216.0,2278,67,54,5,2,1718.26
2025-12-05,SEA-202512,Search 12/2025,Google Ads,SEARCH,216.0,1890,126,102,5,2,1718.26
2025-12-10,SEA-202512,Search 12/2025,Google Ads,SEARCH,216.0,1207,71,56,5,2,1718.26
2025-12-11,SEA-202512,Search 12/2025,Google Ads,SEARCH,216.0,2496,104,89,5,2,1718.26
2025-12-12,SEA-202512,Search 12/2025,Google Ads,SEARCH,216.0,1220,61,53,5,2,1718.26
2025-12-16,SEA-202512,Search 12/2025,Google Ads,SEARCH,216.0,896,56,50,5,2,1718.26
2025-12-17,SEA-202512,Search 12/2025,Google Ads,SEARCH,216.0,2320,80,65,5,2,1718.26
2025-12-18,SEA-202512,Search 12/2025,Google Ads,SEARCH,216.0,3440,86,75,5,2,1718.26
2025-12-19,SEA-202512,Search 12/2025,Google Ads,SEARCH,216.0,1188,66,52,5,2,1718.26
2025-12-23,SEA-202512,Search 12/2025,Google Ads,SEARCH,216.0,1856,116,103,5,2,1718.26
2025-12-25,SEA-202512,Search 12/2025,Google Ads,SEARCH,216.0,960,60,48,5,2,1718.26
2025-12-30,SEA-202512,Search 12/2025,Google Ads,SEARCH,216.0,5016,114,100,5,2,1718.26
2025-12-31,SEA-202512,Search 12/2025,Google Ads,SEARCH,216.0,5476,148,117,15,8,1718.25
2025-12-01,SOC-202512,Social 12/2025,Meta Ads,SOCIAL,172.67,1122,51,47,6,2,2168.5
2025-12-02,SOC-202512,Social 12/2025,Meta Ads,SOCIAL,172.67,2214,82,66,6,2,2168.5
2025-12-04,SOC-202512,Social 12/2025,Meta Ads,SOCIAL,172.67,1904,68,62,6,2,2168.5
2025-12-05,SOC-202512,Social 12/2025,Meta Ads,SOCIAL,172.67,2336,73,67,6,2,2168.5
2025-12-09,SOC-202512,Social 12/2025,Meta Ads,SOCIAL,172.67,1711,59,50,6,2,2168.5
2025-12-10,SOC-202512,Social 12/2025,Meta Ads,SOCIAL,172.67,1560,60,51,6,2,2168.5
2025-12-11,SOC-202512,Social 12/2025,Meta Ads,SOCIAL,172.67,2472,103,87,6,2,2168.5
2025-12-15,SOC-202512,Social 12/2025,Meta Ads,SOCIAL,172.67,3108,74,63,6,2,2168.5
2025-12-17,SOC-202512,Social 12/2025,Meta Ads,SOCIAL,172.67,1932,46,36,6,2,2168.5
2025-12-24,SOC-202512,Social 12/2025,Meta Ads,SOCIAL,172.67,2226,53,42,6,2,2168.5
2025-12-25,SOC-202512,Social 12/2025,Meta Ads,SOCIAL,172.67,1870,85,78,6,2,2168.5
2025-12-26,SOC-202512,Social 12/2025,Meta Ads,SOCIAL,172.67,2385,53,45,6,2,2168.5
2025-12-29,SOC-202512,Social 12/2025,Meta Ads,SOCIAL,172.67,4978,131,113,6,2,2168.5
2025-12-30,SOC-202512,Social 12/2025,Meta Ads,SOCIAL,172.67,2304,72,63,6,2,2168.5
2025-12-31,SOC-202512,Social 12/2025,Meta Ads,SOCIAL,172.62,1078,49,40,7,7,2168.53
2025-12-02,INF-202512,Influencer 12/2025,Creators,INFLUENCER,97.6,629,37,30,1,0,501.99
2025-12-04,INF-202512,Influencer 12/2025,Creators,INFLUENCER,97.6,1230,30,25,1,0,501.99
2025-12-05,INF-202512,Influencer 12/2025,Creators,INFLUENCER,97.6,1034,47,42,1,0,501.99
2025-12-08,INF-202512,Influencer 12/2025,Creators,INFLUENCER,97.6,1749,53,41,1,0,501.99
2025-12-09,INF-202512,Influencer 12/2025,Creators,INFLUENCER,97.6,1224,36,33,1,0,501.99
2025-12-10,INF-202512,Influencer 12/2025,Creators,INFLUENCER,97.6,1540,35,29,1,0,501.99
2025-12-11,INF-202512,Influencer 12/2025,Creators,INFLUENCER,97.6,1764,49,42,1,0,501.99
2025-12-15,INF-202512,Influencer 12/2025,Creators,INFLUENCER,97.6,1064,38,31,1,0,501.99
2025-12-16,INF-202512,Influencer 12/2025,Creators,INFLUENCER,97.6,594,27,21,1,0,501.99
2025-12-17,INF-202512,Influencer 12/2025,Creators,INFLUENCER,97.6,1368,36,30,1,0,501.99
2025-12-19,INF-202512,Influencer 12/2025,Creators,INFLUENCER,97.6,1586,61,55,1,0,501.99
2025-12-23,INF-202512,Influencer 12/2025,Creators,INFLUENCER,97.6,1581,51,41,1,0,501.99
2025-12-25,INF-202512,Influencer 12/2025,Creators,INFLUENCER,97.6,1463,77,69,1,0,501.99
2025-12-29,INF-202512,Influencer 12/2025,Creators,INFLUENCER,97.6,832,26,23,1,0,501.99
2025-12-30,INF-202512,Influencer 12/2025,Creators,INFLUENCER,97.6,1484,53,43,8,12,502.04
2026-01-01,SEA-202601,Search 01/2026,Google Ads,SEARCH,247.5,4446,114,94,7,2,2800.89
2026-01-05,SEA-202601,Search 01/2026,Google Ads,SEARCH,247.5,2394,114,103,7,2,2800.89
2026-01-06,SEA-202601,Search 01/2026,Google Ads,SEARCH,247.5,4530,151,138,7,2,2800.89
2026-01-08,SEA-202601,Search 01/2026,Google Ads,SEARCH,247.5,2842,98,77,7,2,2800.89
2026-01-09,SEA-202601,Search 01/2026,Google Ads,SEARCH,247.5,1890,70,60,7,2,2800.89
2026-01-12,SEA-202601,Search 01/2026,Google Ads,SEARCH,247.5,5586,147,130,7,2,2800.89
2026-01-13,SEA-202601,Search 01/2026,Google Ads,SEARCH,247.5,4396,157,124,7,2,2800.89
2026-01-14,SEA-202601,Search 01/2026,Google Ads,SEARCH,247.5,1992,83,74,7,2,2800.89
2026-01-15,SEA-202601,Search 01/2026,Google Ads,SEARCH,247.5,2214,123,115,7,2,2800.89
2026-01-19,SEA-202601,Search 01/2026,Google Ads,SEARCH,247.5,2130,142,131,7,2,2800.89
2026-01-20,SEA-202601,Search 01/2026,Google Ads,SEARCH,247.5,3002,158,148,7,2,2800.89
2026-01-21,SEA-202601,Search 01/2026,Google Ads,SEARCH,247.5,2889,107,95,7,2,2800.89
2026-01-26,SEA-202601,Search 01/2026,Google Ads,SEARCH,247.5,1848,84,69,7,2,2800.89
2026-01-27,SEA-202601,Search 01/2026,Google Ads,SEARCH,247.5,2736,72,66,7,2,2800.89
2026-01-30,SEA-202601,Search 01/2026,Google Ads,SEARCH,247.5,3402,126,113,16,5,2800.82
2026-01-01,SOC-202601,Social 01/2026,Meta Ads,SOCIAL,289.83,3384,141,119,8,3,3124.22
2026-01-05,SOC-202601,Social 01/2026,Meta Ads,SOCIAL,289.83,3363,177,141,8,3,3124.22
2026-01-06,SOC-202601,Social 01/2026,Meta Ads,SOCIAL,289.83,3762,99,92,8,3,3124.22
2026-01-07,SOC-202601,Social 01/2026,Meta Ads,SOCIAL,289.83,2502,139,115,8,3,3124.22
2026-01-08,SOC-202601,Social 01/2026,Meta Ads,SOCIAL,289.83,3045,203,174,8,3,3124.22
2026-01-13,SOC-202601,Social 01/2026,Meta Ads,SOCIAL,289.83,2058,98,80,8,3,3124.22
2026-01-14,SOC-202601,Social 01/2026,Meta Ads,SOCIAL,289.83,3440,86,68,8,3,3124.22
2026-01-15,SOC-202601,Social 01/2026,Meta Ads,SOCIAL,289.83,1950,78,61,8,3,3124.22
2026-01-16,SOC-202601,Social 01/2026,Meta Ads,SOCIAL,289.83,3270,109,93,8,3,3124.22
2026-01-23,SOC-202601,Social 01/2026,Meta Ads,SOCIAL,289.83,1785,105,91,8,3,3124.22
2026-01-26,SOC-202601,Social 01/2026,Meta Ads,SOCIAL,289.83,1672,88,81,8,3,3124.22
2026-01-27,SOC-202601,Social 01/2026,Meta Ads,SOCIAL,289.83,3927,119,94,8,3,3124.22
2026-01-28,SOC-202601,Social 01/2026,Meta Ads,SOCIAL,289.83,5940,198,169,8,3,3124.22
2026-01-29,SOC-202601,Social 01/2026,Meta Ads,SOCIAL,289.83,4644,172,161,8,3,3124.22
2026-01-30,SOC-202601,Social 01/2026,Meta Ads,SOCIAL,289.88,7735,221,197,18,5,3124.29
2026-01-02,INF-202601,Influencer 01/2026,Creators,INFLUENCER,305.0,4433,143,122,3,2,1515.02
2026-01-05,INF-202601,Influencer 01/2026,Creators,INFLUENCER,305.0,3159,81,70,3,2,1515.02
2026-01-06,INF-202601,Influencer 01/2026,Creators,INFLUENCER,305.0,1892,86,80,3,2,1515.02
2026-01-07,INF-202601,Influencer 01/2026,Creators,INFLUENCER,305.0,5375,125,103,3,2,1515.02
2026-01-09,INF-202601,Influencer 01/2026,Creators,INFLUENCER,305.0,2158,83,76,3,2,1515.02
2026-01-13,INF-202601,Influencer 01/2026,Creators,INFLUENCER,305.0,7040,176,147,3,2,1515.02
2026-01-14,INF-202601,Influencer 01/2026,Creators,INFLUENCER,305.0,3219,87,72,3,2,1515.02
2026-01-15,INF-202601,Influencer 01/2026,Creators,INFLUENCER,305.0,2910,97,89,3,2,1515.02
2026-01-16,INF-202601,Influencer 01/2026,Creators,INFLUENCER,305.0,4563,117,105,3,2,1515.02
2026-01-20,INF-202601,Influencer 01/2026,Creators,INFLUENCER,305.0,1504,94,84,3,2,1515.02
2026-01-21,INF-202601,Influencer 01/2026,Creators,INFLUENCER,305.0,3569,83,77,3,2,1515.02
2026-01-22,INF-202601,Influencer 01/2026,Creators,INFLUENCER,305.0,6650,190,176,3,2,1515.02
2026-01-23,INF-202601,Influencer 01/2026,Creators,INFLUENCER,305.0,4340,140,121,3,2,1515.02
2026-01-26,INF-202601,Influencer 01/2026,Creators,INFLUENCER,305.0,4715,205,180,3,2,1515.02
2026-01-29,INF-202601,Influencer 01/2026,Creators,INFLUENCER,305.0,3977,97,82,14,2,1515.04
2026-02-02,SEA-202602,Search 02/2026,Google Ads,SEARCH,262.5,6192,144,129,7,2,2941.89
2026-02-04,SEA-202602,Search 02/2026,Google Ads,SEARCH,262.5,3520,88,71,7,2,2941.89
2026-02-05,SEA-202602,Search 02/2026,Google Ads,SEARCH,262.5,4018,98,80,7,2,2941.89
2026-02-06,SEA-202602,Search 02/2026,Google Ads,SEARCH,262.5,3484,134,116,7,2,2941.89
2026-02-10,SEA-202602,Search 02/2026,Google Ads,SEARCH,262.5,4440,120,95,7,2,2941.89
2026-02-11,SEA-202602,Search 02/2026,Google Ads,SEARCH,262.5,1914,87,78,7,2,2941.89
2026-02-12,SEA-202602,Search 02/2026,Google Ads,SEARCH,262.5,4704,147,129,7,2,2941.89
2026-02-16,SEA-202602,Search 02/2026,Google Ads,SEARCH,262.5,3864,138,108,7,2,2941.89
2026-02-18,SEA-202602,Search 02/2026,Google Ads,SEARCH,262.5,2160,90,84,7,2,2941.89
2026-02-19,SEA-202602,Search 02/2026,Google Ads,SEARCH,262.5,3652,83,72,7,2,2941.89
2026-02-20,SEA-202602,Search 02/2026,Google Ads,SEARCH,262.5,4815,107,86,7,2,2941.89
2026-02-23,SEA-202602,Search 02/2026,Google Ads,SEARCH,262.5,4704,147,135,7,2,2941.89
2026-02-24,SEA-202602,Search 02/2026,Google Ads,SEARCH,262.5,2225,89,73,7,2,2941.89
2026-02-25,SEA-202602,Search 02/2026,Google Ads,SEARCH,262.5,1950,75,67,7,2,2941.89
2026-02-26,SEA-202602,Search 02/2026,Google Ads,SEARCH,262.5,5610,170,136,20,7,2941.95
2026-02-02,SOC-202602,Social 02/2026,Meta Ads,SOCIAL,357.67,5292,147,132,9,3,3478.89
2026-02-04,SOC-202602,Social 02/2026,Meta Ads,SOCIAL,357.67,3240,135,109,9,3,3478.89
2026-02-05,SOC-202602,Social 02/2026,Meta Ads,SOCIAL,357.67,1853,109,89,9,3,3478.89
2026-02-10,SOC-202602,Social 02/2026,Meta Ads,SOCIAL,357.67,3937,127,106,9,3,3478.89
2026-02-11,SOC-202602,Social 02/2026,Meta Ads,SOCIAL,357.67,7917,203,190,9,3,3478.89
2026-02-12,SOC-202602,Social 02/2026,Meta Ads,SOCIAL,357.67,3476,158,128,9,3,3478.89
2026-02-13,SOC-202602,Social 02/2026,Meta Ads,SOCIAL,357.67,3080,154,128,9,3,3478.89
2026-02-16,SOC-202602,Social 02/2026,Meta Ads,SOCIAL,357.67,1989,117,102,9,3,3478.89
2026-02-17,SOC-202602,Social 02/2026,Meta Ads,SOCIAL,357.67,3060,153,127,9,3,3478.89
2026-02-20,SOC-202602,Social 02/2026,Meta Ads,SOCIAL,357.67,3375,125,107,9,3,3478.89
2026-02-23,SOC-202602,Social 02/2026,Meta Ads,SOCIAL,357.67,4770,159,124,9,3,3478.89
2026-02-24,SOC-202602,Social 02/2026,Meta Ads,SOCIAL,357.67,2997,111,91,9,3,3478.89
2026-02-25,SOC-202602,Social 02/2026,Meta Ads,SOCIAL,357.67,9141,277,232,9,3,3478.89
2026-02-26,SOC-202602,Social 02/2026,Meta Ads,SOCIAL,357.67,1836,102,82,9,3,3478.89
2026-02-27,SOC-202602,Social 02/2026,Meta Ads,SOCIAL,357.62,2596,118,109,19,16,3478.89
2026-02-02,INF-202602,Influencer 02/2026,Creators,INFLUENCER,244.0,1782,66,52,3,1,1234.53
2026-02-03,INF-202602,Influencer 02/2026,Creators,INFLUENCER,244.0,3444,164,142,3,1,1234.53
2026-02-06,INF-202602,Influencer 02/2026,Creators,INFLUENCER,244.0,2575,103,92,3,1,1234.53
2026-02-09,INF-202602,Influencer 02/2026,Creators,INFLUENCER,244.0,5280,120,110,3,1,1234.53
2026-02-11,INF-202602,Influencer 02/2026,Creators,INFLUENCER,244.0,3472,124,105,3,1,1234.53
2026-02-12,INF-202602,Influencer 02/2026,Creators,INFLUENCER,244.0,2425,97,75,3,1,1234.53
2026-02-13,INF-202602,Influencer 02/2026,Creators,INFLUENCER,244.0,4988,116,94,3,1,1234.53
2026-02-17,INF-202602,Influencer 02/2026,Creators,INFLUENCER,244.0,1449,69,54,3,1,1234.53
2026-02-18,INF-202602,Influencer 02/2026,Creators,INFLUENCER,244.0,1560,65,52,3,1,1234.53
2026-02-19,INF-202602,Influencer 02/2026,Creators,INFLUENCER,244.0,2220,111,98,3,1,1234.53
2026-02-20,INF-202602,Influencer 02/2026,Creators,INFLUENCER,244.0,7626,186,150,3,1,1234.53
2026-02-23,INF-202602,Influencer 02/2026,Creators,INFLUENCER,244.0,2175,87,75,3,1,1234.53
2026-02-24,INF-202602,Influencer 02/2026,Creators,INFLUENCER,244.0,3213,153,126,3,1,1234.53
2026-02-25,INF-202602,Influencer 02/2026,Creators,INFLUENCER,244.0,3024,84,69,3,1,1234.53
2026-02-26,INF-202602,Influencer 02/2026,Creators,INFLUENCER,244.0,3060,68,61,7,10,1234.48
2026-03-02,SEA-202603,Search 03/2026,Google Ads,SEARCH,262.5,3939,101,89,8,2,3031.84
2026-03-04,SEA-202603,Search 03/2026,Google Ads,SEARCH,262.5,3336,139,126,8,2,3031.84
2026-03-06,SEA-202603,Search 03/2026,Google Ads,SEARCH,262.5,2625,75,65,8,2,3031.84
2026-03-09,SEA-202603,Search 03/2026,Google Ads,SEARCH,262.5,1520,76,61,8,2,3031.84
2026-03-10,SEA-202603,Search 03/2026,Google Ads,SEARCH,262.5,3120,104,86,8,2,3031.84
2026-03-11,SEA-202603,Search 03/2026,Google Ads,SEARCH,262.5,2701,73,60,8,2,3031.84
2026-03-13,SEA-202603,Search 03/2026,Google Ads,SEARCH,262.5,4128,172,145,8,2,3031.84
2026-03-16,SEA-202603,Search 03/2026,Google Ads,SEARCH,262.5,9328,212,187,8,2,3031.84
2026-03-19,SEA-202603,Search 03/2026,Google Ads,SEARCH,262.5,3520,80,73,8,2,3031.84
2026-03-20,SEA-202603,Search 03/2026,Google Ads,SEARCH,262.5,3720,120,112,8,2,3031.84
2026-03-23,SEA-202603,Search 03/2026,Google Ads,SEARCH,262.5,6992,184,172,8,2,3031.84
2026-03-24,SEA-202603,Search 03/2026,Google Ads,SEARCH,262.5,2592,96,81,8,2,3031.84
2026-03-25,SEA-202603,Search 03/2026,Google Ads,SEARCH,262.5,3952,152,124,8,2,3031.84
2026-03-30,SEA-202603,Search 03/2026,Google Ads,SEARCH,262.5,2431,143,113,8,2,3031.84
2026-03-31,SEA-202603,Search 03/2026,Google Ads,SEARCH,262.5,5694,146,115,14,7,3031.81
2026-03-02,SOC-202603,Social 03/2026,Meta Ads,SOCIAL,228.17,4828,142,112,8,2,3215.63
2026-03-03,SOC-202603,Social 03/2026,Meta Ads,SOCIAL,228.17,2646,63,49,8,2,3215.63
2026-03-05,SOC-202603,Social 03/2026,Meta Ads,SOCIAL,228.17,2925,65,55,8,2,3215.63
2026-03-06,SOC-202603,Social 03/2026,Meta Ads,SOCIAL,228.17,4633,113,105,8,2,3215.63
2026-03-09,SOC-202603,Social 03/2026,Meta Ads,SOCIAL,228.17,4185,155,142,8,2,3215.63
2026-03-10,SOC-202603,Social 03/2026,Meta Ads,SOCIAL,228.17,1134,63,54,8,2,3215.63
2026-03-12,SOC-202603,Social 03/2026,Meta Ads,SOCIAL,228.17,1995,105,98,8,2,3215.63
2026-03-13,SOC-202603,Social 03/2026,Meta Ads,SOCIAL,228.17,4590,102,90,8,2,3215.63
2026-03-16,SOC-202603,Social 03/2026,Meta Ads,SOCIAL,228.17,2310,110,89,8,2,3215.63
2026-03-18,SOC-202603,Social 03/2026,Meta Ads,SOCIAL,228.17,2565,135,119,8,2,3215.63
2026-03-19,SOC-202603,Social 03/2026,Meta Ads,SOCIAL,228.17,2941,173,145,8,2,3215.63
2026-03-20,SOC-202603,Social 03/2026,Meta Ads,SOCIAL,228.17,3397,79,67,8,2,3215.63
2026-03-24,SOC-202603,Social 03/2026,Meta Ads,SOCIAL,228.17,1914,87,78,8,2,3215.63
2026-03-25,SOC-202603,Social 03/2026,Meta Ads,SOCIAL,228.17,5024,157,130,8,2,3215.63
2026-03-31,SOC-202603,Social 03/2026,Meta Ads,SOCIAL,228.12,2090,95,79,20,9,3215.69
2026-03-03,INF-202603,Influencer 03/2026,Creators,INFLUENCER,406.67,2023,119,102,4,2,1290.77
2026-03-04,INF-202603,Influencer 03/2026,Creators,INFLUENCER,406.67,1620,108,101,4,2,1290.77
2026-03-05,INF-202603,Influencer 03/2026,Creators,INFLUENCER,406.67,4917,149,120,4,2,1290.77
2026-03-06,INF-202603,Influencer 03/2026,Creators,INFLUENCER,406.67,1888,118,99,4,2,1290.77
2026-03-09,INF-202603,Influencer 03/2026,Creators,INFLUENCER,406.67,4624,136,109,4,2,1290.77
2026-03-10,INF-202603,Influencer 03/2026,Creators,INFLUENCER,406.67,2016,112,94,4,2,1290.77
2026-03-11,INF-202603,Influencer 03/2026,Creators,INFLUENCER,406.67,6407,149,121,4,2,1290.77
2026-03-17,INF-202603,Influencer 03/2026,Creators,INFLUENCER,406.67,6444,179,141,4,2,1290.77
2026-03-18,INF-202603,Influencer 03/2026,Creators,INFLUENCER,406.67,4440,111,99,4,2,1290.77
2026-03-20,INF-202603,Influencer 03/2026,Creators,INFLUENCER,406.67,4560,285,236,4,2,1290.77
2026-03-24,INF-202603,Influencer 03/2026,Creators,INFLUENCER,406.67,2310,110,89,4,2,1290.77
2026-03-25,INF-202603,Influencer 03/2026,Creators,INFLUENCER,406.67,3531,107,87,4,2,1290.77
2026-03-27,INF-202603,Influencer 03/2026,Creators,INFLUENCER,406.67,9432,262,230,4,2,1290.77
2026-03-30,INF-202603,Influencer 03/2026,Creators,INFLUENCER,406.67,10332,252,208,4,2,1290.77
2026-03-31,INF-202603,Influencer 03/2026,Creators,INFLUENCER,406.62,3420,190,159,4,12,1290.81
2026-04-01,SEA-202604,Search 04/2026,Google Ads,SEARCH,255.0,4495,145,113,7,2,2517.39
2026-04-03,SEA-202604,Search 04/2026,Google Ads,SEARCH,255.0,3567,87,74,7,2,2517.39
2026-04-06,SEA-202604,Search 04/2026,Google Ads,SEARCH,255.0,3492,97,80,7,2,2517.39
2026-04-08,SEA-202604,Search 04/2026,Google Ads,SEARCH,255.0,6992,184,149,7,2,2517.39
2026-04-09,SEA-202604,Search 04/2026,Google Ads,SEARCH,255.0,4810,185,147,7,2,2517.39
2026-04-10,SEA-202604,Search 04/2026,Google Ads,SEARCH,255.0,1260,84,73,7,2,2517.39
2026-04-14,SEA-202604,Search 04/2026,Google Ads,SEARCH,255.0,6384,168,141,7,2,2517.39
2026-04-15,SEA-202604,Search 04/2026,Google Ads,SEARCH,255.0,1760,80,72,7,2,2517.39
2026-04-16,SEA-202604,Search 04/2026,Google Ads,SEARCH,255.0,3010,86,74,7,2,2517.39
2026-04-20,SEA-202604,Search 04/2026,Google Ads,SEARCH,255.0,4100,205,166,7,2,2517.39
2026-04-22,SEA-202604,Search 04/2026,Google Ads,SEARCH,255.0,2295,85,69,7,2,2517.39
2026-04-24,SEA-202604,Search 04/2026,Google Ads,SEARCH,255.0,2349,81,66,7,2,2517.39
2026-04-28,SEA-202604,Search 04/2026,Google Ads,SEARCH,255.0,2490,83,75,7,2,2517.39
2026-04-29,SEA-202604,Search 04/2026,Google Ads,SEARCH,255.0,5400,135,108,7,2,2517.39
2026-04-30,SEA-202604,Search 04/2026,Google Ads,SEARCH,255.0,1704,71,64,16,6,2517.44
2026-04-02,SOC-202604,Social 04/2026,Meta Ads,SOCIAL,363.83,4480,112,90,9,3,2825.73
2026-04-03,SOC-202604,Social 04/2026,Meta Ads,SOCIAL,363.83,3248,116,98,9,3,2825.73
2026-04-08,SOC-202604,Social 04/2026,Meta Ads,SOCIAL,363.83,4680,260,210,9,3,2825.73
2026-04-10,SOC-202604,Social 04/2026,Meta Ads,SOCIAL,363.83,1952,122,114,9,3,2825.73
2026-04-14,SOC-202604,Social 04/2026,Meta Ads,SOCIAL,363.83,4810,130,118,9,3,2825.73
2026-04-15,SOC-202604,Social 04/2026,Meta Ads,SOCIAL,363.83,1725,115,101,9,3,2825.73
2026-04-16,SOC-202604,Social 04/2026,Meta Ads,SOCIAL,363.83,6096,254,235,9,3,2825.73
2026-04-17,SOC-202604,Social 04/2026,Meta Ads,SOCIAL,363.83,4872,116,106,9,3,2825.73
2026-04-20,SOC-202604,Social 04/2026,Meta Ads,SOCIAL,363.83,2619,97,88,9,3,2825.73
2026-04-21,SOC-202604,Social 04/2026,Meta Ads,SOCIAL,363.83,4964,292,245,9,3,2825.73
2026-04-22,SOC-202604,Social 04/2026,Meta Ads,SOCIAL,363.83,2839,167,139,9,3,2825.73
2026-04-23,SOC-202604,Social 04/2026,Meta Ads,SOCIAL,363.83,5115,155,125,9,3,2825.73
2026-04-27,SOC-202604,Social 04/2026,Meta Ads,SOCIAL,363.83,2541,121,106,9,3,2825.73
2026-04-29,SOC-202604,Social 04/2026,Meta Ads,SOCIAL,363.83,5910,197,157,9,3,2825.73
2026-04-30,SOC-202604,Social 04/2026,Meta Ads,SOCIAL,363.88,3822,147,136,11,17,2825.76
2026-04-02,INF-202604,Influencer 04/2026,Creators,INFLUENCER,406.67,4032,192,156,4,2,1557.82
2026-04-03,INF-202604,Influencer 04/2026,Creators,INFLUENCER,406.67,3689,119,99,4,2,1557.82
2026-04-06,INF-202604,Influencer 04/2026,Creators,INFLUENCER,406.67,2295,153,122,4,2,1557.82
2026-04-08,INF-202604,Influencer 04/2026,Creators,INFLUENCER,406.67,11745,261,240,4,2,1557.82
2026-04-09,INF-202604,Influencer 04/2026,Creators,INFLUENCER,406.67,6708,172,144,4,2,1557.82
2026-04-13,INF-202604,Influencer 04/2026,Creators,INFLUENCER,406.67,5022,279,233,4,2,1557.82
2026-04-14,INF-202604,Influencer 04/2026,Creators,INFLUENCER,406.67,7250,250,196,4,2,1557.82
2026-04-15,INF-202604,Influencer 04/2026,Creators,INFLUENCER,406.67,4455,135,120,4,2,1557.82
2026-04-16,INF-202604,Influencer 04/2026,Creators,INFLUENCER,406.67,3696,112,94,4,2,1557.82
2026-04-21,INF-202604,Influencer 04/2026,Creators,INFLUENCER,406.67,6370,245,202,4,2,1557.82
2026-04-23,INF-202604,Influencer 04/2026,Creators,INFLUENCER,406.67,2865,191,158,4,2,1557.82
2026-04-24,INF-202604,Influencer 04/2026,Creators,INFLUENCER,406.67,5790,193,177,4,2,1557.82
2026-04-27,INF-202604,Influencer 04/2026,Creators,INFLUENCER,406.67,2970,135,118,4,2,1557.82
2026-04-29,INF-202604,Influencer 04/2026,Creators,INFLUENCER,406.67,3672,136,126,4,2,1557.82
2026-04-30,INF-202604,Influencer 04/2026,Creators,INFLUENCER,406.62,3440,172,139,8,12,1557.86
2026-05-04,SEA-202605,Search 05/2026,Google Ads,SEARCH,330.0,4218,111,90,9,2,3222.39
2026-05-05,SEA-202605,Search 05/2026,Google Ads,SEARCH,330.0,2048,128,112,9,2,3222.39
2026-05-06,SEA-202605,Search 05/2026,Google Ads,SEARCH,330.0,2704,104,97,9,2,3222.39
2026-05-07,SEA-202605,Search 05/2026,Google Ads,SEARCH,330.0,4464,124,106,9,2,3222.39
2026-05-11,SEA-202605,Search 05/2026,Google Ads,SEARCH,330.0,8022,191,159,9,2,3222.39
2026-05-14,SEA-202605,Search 05/2026,Google Ads,SEARCH,330.0,3955,113,89,9,2,3222.39
2026-05-15,SEA-202605,Search 05/2026,Google Ads,SEARCH,330.0,4719,143,116,9,2,3222.39
2026-05-18,SEA-202605,Search 05/2026,Google Ads,SEARCH,330.0,10101,259,202,9,2,3222.39
2026-05-19,SEA-202605,Search 05/2026,Google Ads,SEARCH,330.0,3582,199,167,9,2,3222.39
2026-05-20,SEA-202605,Search 05/2026,Google Ads,SEARCH,330.0,2970,198,183,9,2,3222.39
2026-05-22,SEA-202605,Search 05/2026,Google Ads,SEARCH,330.0,1936,88,73,9,2,3222.39
2026-05-25,SEA-202605,Search 05/2026,Google Ads,SEARCH,330.0,6435,165,138,9,2,3222.39
2026-05-26,SEA-202605,Search 05/2026,Google Ads,SEARCH,330.0,5355,153,128,9,2,3222.39
2026-05-28,SEA-202605,Search 05/2026,Google Ads,SEARCH,330.0,4200,105,85,9,2,3222.39
2026-05-29,SEA-202605,Search 05/2026,Google Ads,SEARCH,330.0,1914,87,73,21,16,3222.44
2026-05-01,SOC-202605,Social 05/2026,Meta Ads,SOCIAL,308.33,6876,191,156,9,3,3389.98
2026-05-04,SOC-202605,Social 05/2026,Meta Ads,SOCIAL,308.33,6160,220,182,9,3,3389.98
2026-05-05,SOC-202605,Social 05/2026,Meta Ads,SOCIAL,308.33,6345,235,205,9,3,3389.98
2026-05-06,SOC-202605,Social 05/2026,Meta Ads,SOCIAL,308.33,1380,92,79,9,3,3389.98
2026-05-07,SOC-202605,Social 05/2026,Meta Ads,SOCIAL,308.33,3300,165,131,9,3,3389.98
2026-05-11,SOC-202605,Social 05/2026,Meta Ads,SOCIAL,308.33,1710,90,76,9,3,3389.98
2026-05-12,SOC-202605,Social 05/2026,Meta Ads,SOCIAL,308.33,1862,98,78,9,3,3389.98
2026-05-15,SOC-202605,Social 05/2026,Meta Ads,SOCIAL,308.33,3630,121,105,9,3,3389.98
2026-05-18,SOC-202605,Social 05/2026,Meta Ads,SOCIAL,308.33,2489,131,113,9,3,3389.98
2026-05-19,SOC-202605,Social 05/2026,Meta Ads,SOCIAL,308.33,1312,82,70,9,3,3389.98
2026-05-20,SOC-202605,Social 05/2026,Meta Ads,SOCIAL,308.33,10530,234,183,9,3,3389.98
2026-05-21,SOC-202605,Social 05/2026,Meta Ads,SOCIAL,308.33,7421,181,142,9,3,3389.98
2026-05-22,SOC-202605,Social 05/2026,Meta Ads,SOCIAL,308.33,3634,158,138,9,3,3389.98
2026-05-26,SOC-202605,Social 05/2026,Meta Ads,SOCIAL,308.33,2052,114,103,9,3,3389.98
2026-05-27,SOC-202605,Social 05/2026,Meta Ads,SOCIAL,308.38,4118,142,128,11,8,3389.99
2026-05-01,INF-202605,Influencer 05/2026,Creators,INFLUENCER,437.17,5895,131,104,4,2,1881.29
2026-05-05,INF-202605,Influencer 05/2026,Creators,INFLUENCER,437.17,4031,139,130,4,2,1881.29
2026-05-06,INF-202605,Influencer 05/2026,Creators,INFLUENCER,437.17,5945,205,163,4,2,1881.29
2026-05-07,INF-202605,Influencer 05/2026,Creators,INFLUENCER,437.17,8148,194,152,4,2,1881.29
2026-05-08,INF-202605,Influencer 05/2026,Creators,INFLUENCER,437.17,3401,179,152,4,2,1881.29
2026-05-11,INF-202605,Influencer 05/2026,Creators,INFLUENCER,437.17,12642,301,260,4,2,1881.29
2026-05-12,INF-202605,Influencer 05/2026,Creators,INFLUENCER,437.17,4320,144,123,4,2,1881.29
2026-05-15,INF-202605,Influencer 05/2026,Creators,INFLUENCER,437.17,3696,154,136,4,2,1881.29
2026-05-19,INF-202605,Influencer 05/2026,Creators,INFLUENCER,437.17,2715,181,144,4,2,1881.29
2026-05-21,INF-202605,Influencer 05/2026,Creators,INFLUENCER,437.17,4554,207,171,4,2,1881.29
2026-05-22,INF-202605,Influencer 05/2026,Creators,INFLUENCER,437.17,3078,162,128,4,2,1881.29
2026-05-25,INF-202605,Influencer 05/2026,Creators,INFLUENCER,437.17,7913,193,172,4,2,1881.29
2026-05-27,INF-202605,Influencer 05/2026,Creators,INFLUENCER,437.17,5676,172,136,4,2,1881.29
2026-05-28,INF-202605,Influencer 05/2026,Creators,INFLUENCER,437.17,2250,125,114,4,2,1881.29
2026-05-29,INF-202605,Influencer 05/2026,Creators,INFLUENCER,437.12,2822,166,151,18,15,1881.26
2026-06-01,SEA-202606,Search 06/2026,Google Ads,SEARCH,180.0,1430,55,48,8,1,2300.53
2026-06-02,SEA-202606,Search 06/2026,Google Ads,SEARCH,180.0,1560,52,41,8,1,2300.53
2026-06-03,SEA-202606,Search 06/2026,Google Ads,SEARCH,180.0,2226,53,41,8,1,2300.53
2026-06-08,SEA-202606,Search 06/2026,Google Ads,SEARCH,180.0,1564,92,81,8,1,2300.53
2026-06-09,SEA-202606,Search 06/2026,Google Ads,SEARCH,180.0,1421,49,38,8,1,2300.53
2026-06-10,SEA-202606,Search 06/2026,Google Ads,SEARCH,180.0,2183,59,51,8,1,2300.53
2026-06-11,SEA-202606,Search 06/2026,Google Ads,SEARCH,180.0,2788,82,67,8,1,2300.53
2026-06-15,SEA-202606,Search 06/2026,Google Ads,SEARCH,180.0,1620,54,49,8,1,2300.53
2026-06-16,SEA-202606,Search 06/2026,Google Ads,SEARCH,180.0,1794,69,54,8,1,2300.53
2026-06-18,SEA-202606,Search 06/2026,Google Ads,SEARCH,180.0,3240,120,100,8,1,2300.53
2026-06-22,SEA-202606,Search 06/2026,Google Ads,SEARCH,180.0,1020,68,59,8,1,2300.53
2026-06-23,SEA-202606,Search 06/2026,Google Ads,SEARCH,180.0,2996,107,90,8,1,2300.53
2026-06-24,SEA-202606,Search 06/2026,Google Ads,SEARCH,180.0,1150,50,40,8,1,2300.53
2026-06-25,SEA-202606,Search 06/2026,Google Ads,SEARCH,180.0,1764,84,73,8,1,2300.53
2026-06-29,SEA-202606,Search 06/2026,Google Ads,SEARCH,180.0,2460,60,52,10,10,2300.52
2026-06-03,SOC-202606,Social 06/2026,Meta Ads,SOCIAL,228.17,5031,117,99,9,2,3312.43
2026-06-05,SOC-202606,Social 06/2026,Meta Ads,SOCIAL,228.17,4326,103,90,9,2,3312.43
2026-06-09,SOC-202606,Social 06/2026,Meta Ads,SOCIAL,228.17,2728,62,49,9,2,3312.43
2026-06-10,SOC-202606,Social 06/2026,Meta Ads,SOCIAL,228.17,5418,129,109,9,2,3312.43
2026-06-11,SOC-202606,Social 06/2026,Meta Ads,SOCIAL,228.17,5043,123,98,9,2,3312.43
2026-06-12,SOC-202606,Social 06/2026,Meta Ads,SOCIAL,228.17,3008,94,77,9,2,3312.43
2026-06-16,SOC-202606,Social 06/2026,Meta Ads,SOCIAL,228.17,2070,69,59,9,2,3312.43
2026-06-18,SOC-202606,Social 06/2026,Meta Ads,SOCIAL,228.17,3048,127,102,9,2,3312.43
2026-06-19,SOC-202606,Social 06/2026,Meta Ads,SOCIAL,228.17,2686,158,140,9,2,3312.43
2026-06-22,SOC-202606,Social 06/2026,Meta Ads,SOCIAL,228.17,2788,82,68,9,2,3312.43
2026-06-23,SOC-202606,Social 06/2026,Meta Ads,SOCIAL,228.17,2464,77,64,9,2,3312.43
2026-06-24,SOC-202606,Social 06/2026,Meta Ads,SOCIAL,228.17,1953,63,54,9,2,3312.43
2026-06-25,SOC-202606,Social 06/2026,Meta Ads,SOCIAL,228.17,2175,87,69,9,2,3312.43
2026-06-26,SOC-202606,Social 06/2026,Meta Ads,SOCIAL,228.17,3239,79,71,9,2,3312.43
2026-06-29,SOC-202606,Social 06/2026,Meta Ads,SOCIAL,228.12,2520,90,82,14,9,3312.39
2026-06-01,INF-202606,Influencer 06/2026,Creators,INFLUENCER,183.0,2128,76,69,3,1,981.17
2026-06-02,INF-202606,Influencer 06/2026,Creators,INFLUENCER,183.0,2904,66,57,3,1,981.17
2026-06-03,INF-202606,Influencer 06/2026,Creators,INFLUENCER,183.0,1520,80,66,3,1,981.17
2026-06-04,INF-202606,Influencer 06/2026,Creators,INFLUENCER,183.0,2240,56,45,3,1,981.17
2026-06-05,INF-202606,Influencer 06/2026,Creators,INFLUENCER,183.0,4000,125,110,3,1,981.17
2026-06-08,INF-202606,Influencer 06/2026,Creators,INFLUENCER,183.0,1974,94,79,3,1,981.17
2026-06-12,INF-202606,Influencer 06/2026,Creators,INFLUENCER,183.0,1265,55,47,3,1,981.17
2026-06-15,INF-202606,Influencer 06/2026,Creators,INFLUENCER,183.0,2322,86,74,3,1,981.17
2026-06-17,INF-202606,Influencer 06/2026,Creators,INFLUENCER,183.0,1850,50,41,3,1,981.17
2026-06-18,INF-202606,Influencer 06/2026,Creators,INFLUENCER,183.0,3175,127,102,3,1,981.17
2026-06-19,INF-202606,Influencer 06/2026,Creators,INFLUENCER,183.0,900,50,43,3,1,981.17
2026-06-22,INF-202606,Influencer 06/2026,Creators,INFLUENCER,183.0,2040,120,101,3,1,981.17
2026-06-23,INF-202606,Influencer 06/2026,Creators,INFLUENCER,183.0,1782,81,71,3,1,981.17
2026-06-25,INF-202606,Influencer 06/2026,Creators,INFLUENCER,183.0,1900,95,76,3,1,981.17
2026-06-29,INF-202606,Influencer 06/2026,Creators,INFLUENCER,183.0,4403,119,97,9,4,981.13
